CourtId,DisplayName,Name,CourtJurisdictionType,State,StateCode,County,CanFile,CanCourtesyCopy,CanEfiling,FileDeadline,FileServiceLevel,CCDeliveryDeadline,CCDeliveryServiceLevel,EFilingDivisions,EFilingStatus,EFilingDeadline,EFilingRecommendedBy,EFM,MaxEfileDocSize,MaxEfileEnvSize,Address_Address1,Address_City,Address_State,Address_PostalCode
10250,"Alameda County, Superior Court of California",Oakland Administration Building,State,California,CA,Alameda,0,1,1,12:00 PM,Same-Day,12:00 PM,Same-Day,All Non-Criminal,Mandatory,11:59 PM,11:45 PM,JTI,120 MB,120 MB,"1221 Oak Street, 3rd and 4th floors",Oakland,California,94612
10251,"Alameda County, Superior Court of California",Shoreline Family Law,State,California,CA,Alameda,1,0,1,12:00 PM,NULL,5:00 PM,Next-Day,All Non-Criminal,Mandatory,11:59 PM,11:45 PM,JTI,120 MB,120 MB,2233 Shoreline Drive,Alameda,California,94501
10252,"Alameda County, Superior Court of California",Berkeley Probate,State,California,CA,Alameda,1,1,1,12:00 PM,Next-Day,12:00 PM,Next-Day,All Non-Criminal,Mandatory,11:59 PM,11:45 PM,JTI,120 MB,120 MB,2120 Martin Luther King Jr. Way,Berkeley,California,94704
10253,"Alameda County, Superior Court of California",Fremont Civil Probate Family Law,State,California,CA,Alameda,1,0,1,12:00 PM,Same-Day,12:00 AM,,All Non-Criminal,Mandatory,11:59 PM,11:45 PM,JTI,120 MB,120 MB,39439 Paseo Padre Parkway,Fremont,California,94539
10254,"Alameda County, Superior Court of California",Hayward Family Law,State,California,CA,Alameda,1,1,1,12:00 PM,Same-Day,12:00 PM,Same-Day,All Non-Criminal,Mandatory,11:59 PM,11:45 PM,JTI,120 MB,120 MB,24405 Amador Street,Hayward,California,94544
10255,"Alameda County, Superior Court of California",Hayward Civil,State,California,CA,Alameda,1,1,1,12:00 PM,Same-Day,12:00 PM,Same-Day,All Non-Criminal,Mandatory,11:59 PM,11:45 PM,JTI,120 MB,120 MB,24405 Amador Street,Hayward,California,94544
10256,"Alameda County, Superior Court of California",Oakland Civil,State,California,CA,Alameda,1,1,1,12:00 PM,Same-Day,12:00 PM,Same-Day,All Non-Criminal,Mandatory,11:59 PM,11:45 PM,JTI,120 MB,120 MB,"1225 Fallon Street,  #109",Oakland,California,94612-4293
10257,"Alameda County, Superior Court of California",Wiley W. Manuel Courthouse,State,California,CA,Alameda,1,1,1,12:00 PM,Same-Day,12:00 AM,Next-Day,All Non-Criminal,Mandatory,11:59 PM,11:45 PM,JTI,120 MB,120 MB,661 Washington Street,Oakland,California,94607
10258,"Alameda County, Superior Court of California",Pleasanton Civil Probate Family Law,State,California,CA,Alameda,1,0,1,12:00 PM,Same-Day,12:00 AM,,All Non-Criminal,Mandatory,11:59 PM,11:45 PM,JTI,120 MB,120 MB,5672 Stoneridge Drive,Pleasanton,California,94588
10259,"Alpine County, Superior Court of California",Alpine,State,California,CA,Alpine,1,1,0,12:00 PM,Next-Day,12:00 PM,Next-Day,,,,,,,,"14777 State Route 89, P.O. Box 518",Markleeville,California,96120
10260,"Amador County, Superior Court of California",Amador,State,California,CA,Amador,1,1,0,12:00 PM,Next-Day,12:00 PM,Next-Day,,,,,,,,500 Argonaut Lane,Jackson,California,95642-9534
10261,"Butte County, Superior Court of California",Chico,State,California,CA,Butte,1,1,1,12:00 PM,Next-Day,12:00 PM,Next-Day,All Non-Criminal,Mandatory,11:59 PM,11:45 PM,eFileCA,25 MB,35 MB,1775 Concord Ave.,Chico,California,95928
10262,"Butte County, Superior Court of California",Oroville,State,California,CA,Butte,1,1,1,12:00 PM,Next-Day,12:00 PM,Next-Day,All Non-Criminal,Mandatory,11:59 PM,11:45 PM,eFileCA,25 MB,35 MB,1 Court Street,Oroville,California,95965-3303
10263,"Calaveras County, Superior Court of California",San Andreas,State,California,CA,Calaveras,1,1,1,12:00 PM,Next-Day,12:00 PM,Next-Day,All Non-Criminal,Voluntary,11:59 PM,11:45 PM,eFileCA,25 MB,35 MB,400 Government Center DR,San Andreas,California,95249-9794
962,California Secretary of State,California Secretary of State,State,California,CA,Sacramento,1,0,0,12:00 PM,Next-Day,12:00 AM,,,,,,,,,1500 11th Street,Sacramento,California,95814
10264,"Colusa County, Superior Court of California",Colusa,State,California,CA,Colusa,1,1,1,12:00 PM,Two-Day,12:00 PM,Next-Day,All Non-Criminal,Voluntary,11:59 PM,11:45 PM,eFileCA,25 MB,35 MB,547 Market Street,Colusa,California,95932-2425
10265,"Colusa County, Superior Court of California",Colusa Limited,State,California,CA,Colusa,0,0,1,12:00 PM,Same-Day,12:00 AM,,All Non-Criminal,Voluntary,11:59 PM,11:45 PM,eFileCA,25 MB,35 MB,532 Oak Street,Colusa,California,95932
10266,"Contra Costa County, Superior Court of California",Concord,State,California,CA,Contra Costa,0,0,1,12:00 PM,Same-Day,12:00 AM,,All Non-Criminal,Mandatory,11:59 PM,11:45 PM,eFileCA,25 MB,35 MB,2970 Willow Pass Road,Concord,California,94519-2550
10267,"Contra Costa County, Superior Court of California",Martinez,State,California,CA,Contra Costa,1,1,1,11:00 AM,Same-Day,12:00 PM,Same-Day,All Non-Criminal,Mandatory,11:59 PM,11:45 PM,eFileCA,25 MB,35 MB,"725 Court Street, P.O. Box 911",Martinez,California,94553-1233
10268,"Contra Costa County, Superior Court of California",Martinez - Family Court,State,California,CA,Contra Costa,1,1,1,11:00 AM,Same-Day,12:00 PM,Same-Day,All Non-Criminal,Mandatory,11:59 PM,11:45 PM,eFileCA,25 MB,35 MB,"751 Pine Street, P.O. Box 911",Martinez,California,94553
10269,"Contra Costa County, Superior Court of California",Pittsburg,State,California,CA,Contra Costa,1,1,1,12:00 PM,Next-Day,12:00 PM,Next-Day,All Non-Criminal,Mandatory,11:59 PM,11:45 PM,eFileCA,25 MB,35 MB,1000 Center Dr.,Pittsburg,California,94565
10270,"Contra Costa County, Superior Court of California",Richmond,State,California,CA,Contra Costa,1,1,1,12:00 PM,Next-Day,12:00 PM,Next-Day,All Non-Criminal,Mandatory,11:59 PM,11:45 PM,eFileCA,25 MB,35 MB,"100 37th Street,  #185",Richmond,California,94805-2136
10271,"Contra Costa County, Superior Court of California",Walnut Creek,State,California,CA,Contra Costa,0,0,1,12:00 PM,Same-Day,12:00 AM,,All Non-Criminal,Mandatory,11:59 PM,11:45 PM,eFileCA,25 MB,35 MB,640 Ygnacio Valley Road P.O. Box 5128,Walnut Creek,California,94596-1128
10272,"Del Norte County, Superior Court of California",Del Norte,State,California,CA,Del Norte,1,1,0,12:00 PM,Next-Day,12:00 PM,Next-Day,All Non-Criminal,Mandatory,11:59 PM,11:45 PM,eFileCA,25 MB,35 MB,450 H Street,Crescent City,California,95531
10273,"El Dorado County, Superior Court of California",Cameron Park,State,California,CA,El Dorado,1,1,1,12:00 PM,Next-Day,12:00 PM,Next-Day,All Non-Criminal,Mandatory,11:59 PM,11:45 PM,JTI,120 MB,120 MB,2927 Meder Road,Cameron Park,California,95682
10274,"El Dorado County, Superior Court of California",Placerville-Family Law,State,California,CA,El Dorado,1,1,1,12:00 PM,Two-Day,5:00 PM,Two-Day,All Non-Criminal,Mandatory,11:59 PM,11:45 PM,JTI,120 MB,120 MB,495 Main Street - Family Law,Placerville,California,95667-5699
10275,"El Dorado County, Superior Court of California",West Slope,State,California,CA,El Dorado,0,0,1,12:00 PM,Same-Day,12:00 AM,,All Non-Criminal,Mandatory,11:59 PM,11:45 PM,JTI,120 MB,120 MB,2850 Fairlane Court,Placerville,California,95667
10276,"El Dorado County, Superior Court of California",South Lake Tahoe,State,California,CA,El Dorado,1,1,1,12:00 PM,Next-Day,12:00 PM,Next-Day,All Non-Criminal,Mandatory,11:59 PM,11:45 PM,JTI,120 MB,120 MB,"1354 Johnson Blvd., #2",South Lake Tahoe,California,96150-0578
12556,"El Dorado County, Superior Court of California",Placerville-Probate,State,California,CA,El Dorado,1,1,1,12:00 PM,Two-Day,5:00 PM,Two-Day,All Non-Criminal,Mandatory,11:59 PM,11:45 PM,JTI,120 MB,120 MB,295 Fair Lane,Placerville,California,95667
12448,"Fresno County, Superior Court of California",Fresno,State,California,CA,Fresno,1,1,1,12:00 PM,Same-Day,12:00 PM,Same-Day,All Non-Criminal,Mandatory,11:59 PM,11:45 PM,eFileCA,25 MB,35 MB,1130 O Street,Fresno,California,93721-2220
10277,"Fresno County, Superior Court of California",Clovis,State,California,CA,Fresno,0,0,1,12:00 PM,Same-Day,5:00 PM,Next-Day,All Non-Criminal,Mandatory,11:59 PM,11:45 PM,eFileCA,25 MB,35 MB,1011 Fifth Street,Clovis,California,93612
10278,"Fresno County, Superior Court of California",Fresno-Coalinga,State,California,CA,Fresno,0,0,1,12:00 PM,Same-Day,5:00 PM,Next-Day,All Non-Criminal,Mandatory,11:59 PM,11:45 PM,eFileCA,25 MB,35 MB,160 W. Elm Street,Coalinga,California,93210-1989
10279,"Fresno County, Superior Court of California",Fresno-Firebaugh,State,California,CA,Fresno,0,0,1,12:00 PM,Same-Day,12:00 AM,,All Non-Criminal,Mandatory,11:59 PM,11:45 PM,eFileCA,25 MB,35 MB,1325 O Street,Firebaugh,California,93622
10280,"Fresno County, Superior Court of California",Fowler,State,California,CA,Fresno,0,0,1,12:00 PM,Same-Day,12:00 AM,Next-Day,All Non-Criminal,Mandatory,11:59 PM,11:45 PM,eFileCA,25 MB,35 MB,"127 E. Merced Street, P.O. Box 400",Fowler,California,93625-2438
10281,"Fresno County, Superior Court of California",Fresno,State,California,CA,Fresno,0,0,1,12:00 PM,Same-Day,12:00 AM,Next-Day,All Non-Criminal,Mandatory,11:59 PM,11:45 PM,eFileCA,25 MB,35 MB,1100 Van Ness Ave Room*,Fresno,California,93724-0002
10282,"Fresno County, Superior Court of California",Fresno,State,California,CA,Fresno,0,0,1,12:00 PM,Same-Day,5:00 PM,Next-Day,All Non-Criminal,Mandatory,11:59 PM,11:45 PM,eFileCA,25 MB,35 MB,1130 O Street,Fresno,California,93721-2220
10283,"Fresno County, Superior Court of California",Fresno (Limited/Unlimited),State,California,CA,Fresno,0,0,1,12:00 PM,Same-Day,5:00 PM,Next-Day,All Non-Criminal,Mandatory,11:59 PM,11:45 PM,eFileCA,25 MB,35 MB,1130 O Street,Fresno,California,93721-2220
10284,"Fresno County, Superior Court of California",Trade Center (Probate),State,California,CA,Fresno,0,0,1,12:00 PM,Same-Day,5:00 PM,Next-Day,All Non-Criminal,Mandatory,11:59 PM,11:45 PM,eFileCA,25 MB,35 MB,1130 O Street,Fresno,California,93721
10285,"Fresno County, Superior Court of California",Tuolumne (Limited/Unlimited),State,California,CA,Fresno,0,0,1,12:00 PM,Same-Day,12:00 AM,Next-Day,All Non-Criminal,Mandatory,11:59 PM,11:45 PM,eFileCA,25 MB,35 MB,2317 Tuolomne Street,Fresno,California,93721
10286,"Fresno County, Superior Court of California",Kerman,State,California,CA,Fresno,0,0,1,12:00 PM,Same-Day,5:00 PM,Next-Day,All Non-Criminal,Mandatory,11:59 PM,11:45 PM,eFileCA,25 MB,35 MB,719 South Madera Avenue,Kerman,California,93630
10287,"Fresno County, Superior Court of California",Kingsburg,State,California,CA,Fresno,0,0,1,12:00 PM,Same-Day,12:00 AM,,All Non-Criminal,Mandatory,11:59 PM,11:45 PM,eFileCA,25 MB,35 MB,1600 California Street,Kingsburg,California,93631
10288,"Fresno County, Superior Court of California",Reedley,State,California,CA,Fresno,0,0,1,12:00 PM,Same-Day,5:00 PM,Next-Day,All Non-Criminal,Mandatory,11:59 PM,11:45 PM,eFileCA,25 MB,35 MB,815 G Street,Reedley,California,93654-2699
10289,"Fresno County, Superior Court of California",Sanger,State,California,CA,Fresno,0,0,1,12:00 PM,Same-Day,12:00 AM,,All Non-Criminal,Mandatory,11:59 PM,11:45 PM,eFileCA,25 MB,35 MB,619 N. Street,Sanger,California,93657-2484
10290,"Fresno County, Superior Court of California",Selma,State,California,CA,Fresno,0,0,1,12:00 PM,Same-Day,5:00 PM,Next-Day,All Non-Criminal,Mandatory,11:59 PM,11:45 PM,eFileCA,25 MB,35 MB,2424 McCall Street,Selma,California,93662-3780
10291,"Glenn County, Superior Court of California",Orland,State,California,CA,Glenn,0,0,1,12:00 PM,Same-Day,12:00 AM,,All Non-Criminal,Voluntary,11:59 PM,11:45 PM,eFileCA,25 MB,35 MB,821 East South Street,Orland,California,95963
10292,"Glenn County, Superior Court of California",Willows,State,California,CA,Glenn,1,1,1,12:00 PM,Next-Day,12:00 PM,Next-Day,All Non-Criminal,Voluntary,11:59 PM,11:45 PM,eFileCA,25 MB,35 MB,526 W. Sycamore Street,Willows,California,95988-2740
10293,"Humboldt County, Superior Court of California",Eureka,State,California,CA,Humboldt,1,1,0,12:00 PM,Two-Day,5:00 PM,Two-Day,,,,,,,,825 5th Street,Eureka,California,95501-1153
10295,"Imperial County, Superior Court of California",Brawley,State,California,CA,Imperial,0,0,1,12:00 PM,Same-Day,12:00 AM,,All Non-Criminal,Mandatory,11:59 PM,11:45 PM,JTI,120 MB,120 MB,383 Main Street,Brawley,California,92227-2414
10296,"Imperial County, Superior Court of California",Calexico,State,California,CA,Imperial,0,0,1,12:00 PM,Same-Day,12:00 AM,,All Non-Criminal,Mandatory,11:59 PM,11:45 PM,JTI,120 MB,120 MB,415 E. 4th Street,Calexico,California,92231-2887
10297,"Imperial County, Superior Court of California",El Centro Courthouse,State,California,CA,Imperial,1,1,1,12:00 PM,Next-Day,12:00 PM,Next-Day,All Non-Criminal,Mandatory,11:59 PM,11:45 PM,JTI,120 MB,120 MB,939 West Main Street,El Centro,California,92243
10298,"Imperial County, Superior Court of California",Winterhaven,State,California,CA,Imperial,0,0,1,12:00 PM,Same-Day,12:00 AM,,All Non-Criminal,Mandatory,11:59 PM,11:45 PM,JTI,120 MB,120 MB,2124 Winterhaven Drive,Winterhaven,California,92283-2887
10299,"Inyo County, Superior Court of California",Bishop,State,California,CA,Inyo,1,1,1,12:00 PM,Next-Day,12:00 PM,Next-Day,All Non-Criminal,Voluntary,11:59 PM,11:45 PM,JTI,120 MB,120 MB,"301 W. Line Street, #G",Bishop,California,93514-3440
10300,"Inyo County, Superior Court of California",Independence,State,California,CA,Inyo,1,1,1,12:00 PM,Next-Day,12:00 PM,Next-Day,All Non-Criminal,Voluntary,11:59 PM,11:45 PM,JTI,120 MB,120 MB,"168 Edwards Street,  P.O. Box Drawer U",Independence,California,93526-0618
10301,"Kern County, Superior Court of California",Metropolitan-Civil/Family,State,California,CA,Kern,1,1,1,12:00 PM,Same-Day,12:00 PM,Same-Day,All Non-Criminal,Mandatory,11:59 PM,11:45 PM,JTI,120 MB,120 MB,1215 Truxtun Avenue,Bakersfield,California,93301-5216
10302,"Kern County, Superior Court of California",Metropolitan-Probate,State,California,CA,Kern,1,1,1,12:00 PM,Same-Day,12:00 PM,Same-Day,All Non-Criminal,Mandatory,11:59 PM,11:45 PM,JTI,120 MB,120 MB,2100 College Avenue,Bakersfield,California,93305
10303,"Kern County, Superior Court of California",Delano/McFarland,State,California,CA,Kern,1,1,1,11:00 AM,Two-Day,11:00 AM,Two-Day,All Non-Criminal,Mandatory,11:59 PM,11:45 PM,JTI,120 MB,120 MB,1122 Jefferson Street,Delano,California,93215-2241
10304,"Kern County, Superior Court of California",Kern River,State,California,CA,Kern,0,0,1,12:00 PM,Next-Day,12:00 PM,Next-Day,All Non-Criminal,Mandatory,11:59 PM,11:45 PM,JTI,120 MB,120 MB,7046 Lake Isabella Blvd,Lake Isabella,California,93240-9476
10305,"Kern County, Superior Court of California",Arvin/Lamont,State,California,CA,Kern,1,1,1,11:00 AM,Two-Day,11:00 AM,Two-Day,All Non-Criminal,Mandatory,11:59 PM,11:45 PM,JTI,120 MB,120 MB,"12022 Main Street, P.O. Box 738",Lamont,California,93241-0738
10306,"Kern County, Superior Court of California",Mojave,State,California,CA,Kern,1,1,1,11:00 AM,Two-Day,11:00 AM,Two-Day,All Non-Criminal,Mandatory,11:59 PM,11:45 PM,JTI,120 MB,120 MB,1773 Hwy 58,Mojave,California,93501
10307,"Kern County, Superior Court of California",Ridgecrest,State,California,CA,Kern,1,1,1,11:00 AM,Two-Day,11:00 AM,Two-Day,All Non-Criminal,Mandatory,11:59 PM,11:45 PM,JTI,120 MB,120 MB,132 E. Coso Street,Ridgecrest,California,93555
10308,"Kern County, Superior Court of California",Shafter/Wasco,State,California,CA,Kern,1,1,1,11:00 AM,Two-Day,11:00 AM,Two-Day,All Non-Criminal,Mandatory,11:59 PM,11:45 PM,JTI,120 MB,120 MB,325 Central Valley Hwy,Shafter,California,92363-2057
10309,"Kern County, Superior Court of California",Maricopa/Taft,State,California,CA,Kern,0,0,1,12:00 PM,Next-Day,12:00 PM,Next-Day,All Non-Criminal,Mandatory,11:59 PM,11:45 PM,JTI,120 MB,120 MB,311 N. Lincoln Street,Taft,California,93268-1726
10310,"Kings County, Superior Court of California",Avenal,State,California,CA,Kings,0,0,1,12:00 PM,Same-Day,12:00 AM,NULL,All Non-Criminal,Mandatory,11:59 PM,11:45 PM,JTI,120 MB,120 MB,501 E. Kings Street,Avenal,California,93204-1799
10312,"Kings County, Superior Court of California",Hanford,State,California,CA,Kings,1,1,1,12:00 PM,Next-Day,12:00 PM,Next-Day,All Non-Criminal,Mandatory,11:59 PM,11:45 PM,JTI,120 MB,120 MB,1640 Kings County Drive,Hanford,California,93230-5997
10314,"Lake County, Superior Court of California",Clearlake,State,California,CA,Lake,1,1,1,12:00 PM,Same-Day,5:00 PM,Next-Day,All Non-Criminal,Voluntary,11:59 PM,11:45 PM,JTI,120 MB,120 MB,7000 A South Center Drive,Clearlake,California,95422
10315,"Lake County, Superior Court of California",Lakeport,State,California,CA,Lake,1,1,1,12:00 PM,Same-Day,5:00 PM,Next-Day,All Non-Criminal,Voluntary,11:59 PM,11:45 PM,JTI,120 MB,120 MB,255 N. Forbes Street,Lakeport,California,95453-4731
10316,"Lassen County, Superior Court of California",Susanville,State,California,CA,Lassen,1,1,0,12:00 PM,Two-Day,5:00 PM,Two-Day,,,,,,,,2610 Riverside Drive,Susanville,California,96130-4390
10317,"Los Angeles County, Superior Court of California",Gov Deukmejian,State,California,CA,Los Angeles,1,1,1,12:00 PM,Same-Day,12:00 PM,Same-Day,All Non-Criminal,Mandatory,11:59 PM,11:45 PM,"Civil: JTI, Family/Probate: eFileCA","Civil: 120 MB, Family/Probate: 25 MB","Civil: 120 MB, Family/Probate: 35 MB",275 Magnolia Avenue,Long Beach,California,90802
10318,"Los Angeles County, Superior Court of California",North East Limited Alhambra,State,California,CA,Los Angeles,1,1,1,12:00 PM,Next-Day,12:00 PM,Next-Day,All Non-Criminal,Mandatory,11:59 PM,11:45 PM,"Civil: JTI, Family/Probate: eFileCA","Civil: 120 MB, Family/Probate: 25 MB","Civil: 120 MB, Family/Probate: 35 MB",150 W. Commonwealth,Alhambra,California,91801
10319,"Los Angeles County, Superior Court of California",South East Limited Los Cerritos,State,California,CA,Los Angeles,1,1,1,12:00 PM,Next-Day,12:00 PM,Next-Day,All Non-Criminal,Mandatory,11:59 PM,11:45 PM,"Civil: JTI, Family/Probate: eFileCA","Civil: 120 MB, Family/Probate: 25 MB","Civil: 120 MB, Family/Probate: 35 MB",10025 E. Flower Street,Bellflower,California,90706-5499
10320,"Los Angeles County, Superior Court of California",West Limited Beverly Hills,State,California,CA,Los Angeles,1,1,1,12:00 PM,Same-Day,12:00 PM,Same-Day,All Non-Criminal,Mandatory,11:59 PM,11:45 PM,"Civil: JTI, Family/Probate: eFileCA","Civil: 120 MB, Family/Probate: 25 MB","Civil: 120 MB, Family/Probate: 35 MB","9355 Burton Way,  #300",Beverly Hills,California,90210-3669
10321,"Los Angeles County, Superior Court of California",North Central District,State,California,CA,Los Angeles,1,1,1,12:00 PM,Next-Day,12:00 PM,Next-Day,All Non-Criminal,Mandatory,11:59 PM,11:45 PM,"Civil: JTI, Family/Probate: eFileCA","Civil: 120 MB, Family/Probate: 25 MB","Civil: 120 MB, Family/Probate: 35 MB",300 E. Olive Avenue,Burbank,California,91502-0750
10322,"Los Angeles County, Superior Court of California",West Limited Calabasas,State,California,CA,Los Angeles,0,0,1,12:00 PM,Same-Day,12:00 AM,,All Non-Criminal,Mandatory,11:59 PM,11:45 PM,"Civil: JTI, Family/Probate: eFileCA","Civil: 120 MB, Family/Probate: 25 MB","Civil: 120 MB, Family/Probate: 35 MB",5030 N. Parkway Calabasas,Calabasas,California,91302-1422
10323,"Los Angeles County, Superior Court of California",North Valley District,State,California,CA,Los Angeles,1,1,1,12:00 PM,Next-Day,12:00 PM,Next-Day,All Non-Criminal,Mandatory,11:59 PM,11:45 PM,"Civil: JTI, Family/Probate: eFileCA","Civil: 120 MB, Family/Probate: 25 MB","Civil: 120 MB, Family/Probate: 35 MB",9425 Penfield Avenue,Chatsworth,California,91311
10324,"Los Angeles County, Superior Court of California",South Central District,State,California,CA,Los Angeles,1,1,1,12:00 PM,Next-Day,12:00 PM,Next-Day,All Non-Criminal,Mandatory,11:59 PM,11:45 PM,"Civil: JTI, Family/Probate: eFileCA","Civil: 120 MB, Family/Probate: 25 MB","Civil: 120 MB, Family/Probate: 35 MB",200 W. Compton Blvd Room 902,Compton,California,90220
10325,"Los Angeles County, Superior Court of California",West Limited Culver City,State,California,CA,Los Angeles,0,0,1,12:00 PM,Same-Day,12:00 AM,,All Non-Criminal,Mandatory,11:59 PM,11:45 PM,"Civil: JTI, Family/Probate: eFileCA","Civil: 120 MB, Family/Probate: 25 MB","Civil: 120 MB, Family/Probate: 35 MB","4130 Overland Avenue,  P.O. Box 2785",Culver City,California,90230-3788
10326,"Los Angeles County, Superior Court of California",South East Limited Downey,State,California,CA,Los Angeles,1,1,1,12:00 PM,Next-Day,12:00 PM,Next-Day,All Non-Criminal,Mandatory,11:59 PM,11:45 PM,"Civil: JTI, Family/Probate: eFileCA","Civil: 120 MB, Family/Probate: 25 MB","Civil: 120 MB, Family/Probate: 35 MB",7500 E. Imperial Hwy,Downey,California,90242-3378
10327,"Los Angeles County, Superior Court of California",East Limited Rio Hondo,State,California,CA,Los Angeles,1,1,1,12:00 PM,Next-Day,12:00 PM,Next-Day,All Non-Criminal,Mandatory,11:59 PM,11:45 PM,"Civil: JTI, Family/Probate: eFileCA","Civil: 120 MB, Family/Probate: 25 MB","Civil: 120 MB, Family/Probate: 35 MB",11234 E. Valley Blvd.,El Monte,California,91731-3288
10328,"Los Angeles County, Superior Court of California",North Central District,State,California,CA,Los Angeles,1,1,1,12:00 PM,Next-Day,12:00 PM,Next-Day,All Non-Criminal,Mandatory,11:59 PM,11:45 PM,"Civil: JTI, Family/Probate: eFileCA","Civil: 120 MB, Family/Probate: 25 MB","Civil: 120 MB, Family/Probate: 35 MB",600 E. Broadway,Glendale,California,91206-4395
10329,"Los Angeles County, Superior Court of California",South East Limited Huntington Park,State,California,CA,Los Angeles,0,0,1,12:00 PM,Same-Day,12:00 AM,,All Non-Criminal,Mandatory,11:59 PM,11:45 PM,"Civil: JTI, Family/Probate: eFileCA","Civil: 120 MB, Family/Probate: 25 MB","Civil: 120 MB, Family/Probate: 35 MB",6548 Miles Avenue,Huntington Park,California,90255-0609
10330,"Los Angeles County, Superior Court of California",South West Limited Inglewood,State,California,CA,Los Angeles,1,1,1,12:00 PM,Next-Day,12:00 PM,Next-Day,All Non-Criminal,Mandatory,11:59 PM,11:45 PM,"Civil: JTI, Family/Probate: eFileCA","Civil: 120 MB, Family/Probate: 25 MB","Civil: 120 MB, Family/Probate: 35 MB",1 Regent Street,Inglewood,California,90301-1295
10331,"Los Angeles County, Superior Court of California",North District,State,California,CA,Los Angeles,1,1,1,12:00 PM,Next-Day,12:00 PM,Next-Day,All Non-Criminal,Mandatory,11:59 PM,11:45 PM,"Civil: JTI, Family/Probate: eFileCA","Civil: 120 MB, Family/Probate: 25 MB","Civil: 120 MB, Family/Probate: 35 MB",42011 4th Street W,Lancaster,California,93534-7182
10332,"Los Angeles County, Superior Court of California",South District,State,California,CA,Los Angeles,0,0,1,12:00 PM,Same-Day,12:00 AM,,All Non-Criminal,Mandatory,11:59 PM,11:45 PM,"Civil: JTI, Family/Probate: eFileCA","Civil: 120 MB, Family/Probate: 25 MB","Civil: 120 MB, Family/Probate: 35 MB",415 W. Ocean Blvd,Long Beach,California,90802-4591
10333,"Los Angeles County, Superior Court of California",Los Angeles,State,California,CA,Los Angeles,0,0,1,12:00 PM,Same-Day,12:00 AM,,All Non-Criminal,Mandatory,11:59 PM,11:45 PM,"Civil: JTI, Family/Probate: eFileCA","Civil: 120 MB, Family/Probate: 25 MB","Civil: 120 MB, Family/Probate: 35 MB","107 S Broadway, #4107",Los Angeles,California,90012
10334,"Los Angeles County, Superior Court of California",Central Civil West,State,California,CA,Los Angeles,1,1,1,12:00 PM,Same-Day,12:00 PM,Same-Day,All Non-Criminal,Mandatory,11:59 PM,11:45 PM,"Civil: JTI, Family/Probate: eFileCA","Civil: 120 MB, Family/Probate: 25 MB","Civil: 120 MB, Family/Probate: 35 MB",600 S. Commonwealth Avenue,Los Angeles,California,90005-4001
10335,"Los Angeles County, Superior Court of California",Central District,State,California,CA,Los Angeles,1,1,1,12:00 PM,Same-Day,12:00 PM,Same-Day,All Non-Criminal,Mandatory,11:59 PM,11:45 PM,"Civil: JTI, Family/Probate: eFileCA","Civil: 120 MB, Family/Probate: 25 MB","Civil: 120 MB, Family/Probate: 35 MB",111 N. Hill Street,Los Angeles,California,90012
10336,"Los Angeles County, Superior Court of California",Central Limited,State,California,CA,Los Angeles,1,1,1,12:00 PM,Same-Day,12:00 PM,Same-Day,All Non-Criminal,Mandatory,11:59 PM,11:45 PM,"Civil: JTI, Family/Probate: eFileCA","Civil: 120 MB, Family/Probate: 25 MB","Civil: 120 MB, Family/Probate: 35 MB",110 N. Grand Avenue,Los Angeles,California,90012-3014
10337,"Los Angeles County, Superior Court of California",Central Limited East Los Angeles,State,California,CA,Los Angeles,0,0,1,12:00 PM,Same-Day,12:00 AM,Next-Day,All Non-Criminal,Mandatory,11:59 PM,11:45 PM,"Civil: JTI, Family/Probate: eFileCA","Civil: 120 MB, Family/Probate: 25 MB","Civil: 120 MB, Family/Probate: 35 MB",214 South Fetterly Avenue,Los Angeles,California,90022
10338,"Los Angeles County, Superior Court of California",West Limited West Los Angeles,State,California,CA,Los Angeles,0,0,1,12:00 PM,Same-Day,12:00 AM,,All Non-Criminal,Mandatory,11:59 PM,11:45 PM,"Civil: JTI, Family/Probate: eFileCA","Civil: 120 MB, Family/Probate: 25 MB","Civil: 120 MB, Family/Probate: 35 MB",1633 Purdue Avenue,Los Angeles,California,90025-3117
10339,"Los Angeles County, Superior Court of California",West Limited Malibu,State,California,CA,Los Angeles,0,0,1,12:00 PM,Same-Day,12:00 AM,,All Non-Criminal,Mandatory,11:59 PM,11:45 PM,"Civil: JTI, Family/Probate: eFileCA","Civil: 120 MB, Family/Probate: 25 MB","Civil: 120 MB, Family/Probate: 35 MB",23525 W. Civic Center Way,Malibu,California,90265-4882
10340,"Los Angeles County, Superior Court of California",North East Limited Santa Anita,State,California,CA,Los Angeles,0,0,1,12:00 PM,Same-Day,12:00 AM,,All Non-Criminal,Mandatory,11:59 PM,11:45 PM,"Civil: JTI, Family/Probate: eFileCA","Civil: 120 MB, Family/Probate: 25 MB","Civil: 120 MB, Family/Probate: 35 MB",300 W. Maple Avenue,Monrovia,California,91016-3390
10341,"Los Angeles County, Superior Court of California",South East District,State,California,CA,Los Angeles,1,1,1,12:00 PM,Next-Day,12:00 PM,Next-Day,All Non-Criminal,Mandatory,11:59 PM,11:45 PM,"Civil: JTI, Family/Probate: eFileCA","Civil: 120 MB, Family/Probate: 25 MB","Civil: 120 MB, Family/Probate: 35 MB",12720 Norwalk Blvd,Norwalk,California,90650-3188
10342,"Los Angeles County, Superior Court of California",North District,State,California,CA,Los Angeles,0,0,1,12:00 PM,Same-Day,12:00 AM,,All Non-Criminal,Mandatory,11:59 PM,11:45 PM,"Civil: JTI, Family/Probate: eFileCA","Civil: 120 MB, Family/Probate: 25 MB","Civil: 120 MB, Family/Probate: 35 MB",38256 N. Sierra Hwy,Palmdale,California,93550
10343,"Los Angeles County, Superior Court of California",North East District,State,California,CA,Los Angeles,1,1,1,12:00 PM,Next-Day,12:00 PM,Next-Day,All Non-Criminal,Mandatory,11:59 PM,11:45 PM,"Civil: JTI, Family/Probate: eFileCA","Civil: 120 MB, Family/Probate: 25 MB","Civil: 120 MB, Family/Probate: 35 MB",300 E. Walnut Street,Pasadena,California,91101-1566
10344,"Los Angeles County, Superior Court of California",East District,State,California,CA,Los Angeles,1,1,1,12:00 PM,Next-Day,12:00 PM,Next-Day,All Non-Criminal,Mandatory,11:59 PM,11:45 PM,"Civil: JTI, Family/Probate: eFileCA","Civil: 120 MB, Family/Probate: 25 MB","Civil: 120 MB, Family/Probate: 35 MB",400 Civic Center Plaza,Pomona,California,91766
10345,"Los Angeles County, Superior Court of California",East Limited Pomona,State,California,CA,Los Angeles,0,0,1,12:00 PM,Same-Day,12:00 AM,,All Non-Criminal,Mandatory,11:59 PM,11:45 PM,"Civil: JTI, Family/Probate: eFileCA","Civil: 120 MB, Family/Probate: 25 MB","Civil: 120 MB, Family/Probate: 35 MB",350 W. Mission Blvd.,Pomona,California,91766-1681
10346,"Los Angeles County, Superior Court of California",South West Beach Cities,State,California,CA,Los Angeles,0,0,1,12:00 PM,Same-Day,12:00 AM,Next-Day,All Non-Criminal,Mandatory,11:59 PM,11:45 PM,"Civil: JTI, Family/Probate: eFileCA","Civil: 120 MB, Family/Probate: 25 MB","Civil: 120 MB, Family/Probate: 35 MB","117 W. Torrance Blvd, Pier Plaza, Upper Level",Redondo Beach,California,90277-3638
10347,"Los Angeles County, Superior Court of California",North Valley Family San Fernando - First Street,State,California,CA,Los Angeles,0,0,1,12:00 PM,Same-Day,12:00 AM,,All Non-Criminal,Mandatory,11:59 PM,11:45 PM,"Civil: JTI, Family/Probate: eFileCA","Civil: 120 MB, Family/Probate: 25 MB","Civil: 120 MB, Family/Probate: 35 MB",919 1st Street,San Fernando,California,91340-2928
10348,"Los Angeles County, Superior Court of California",North Valley San Fernando,State,California,CA,Los Angeles,0,0,1,12:00 PM,Same-Day,12:00 AM,,All Non-Criminal,Mandatory,11:59 PM,11:45 PM,"Civil: JTI, Family/Probate: eFileCA","Civil: 120 MB, Family/Probate: 25 MB","Civil: 120 MB, Family/Probate: 35 MB",900 Third Street,San Fernando,California,91340
10349,"Los Angeles County, Superior Court of California",South District San Pedro,State,California,CA,Los Angeles,0,0,1,12:00 PM,Same-Day,12:00 AM,,All Non-Criminal,Mandatory,11:59 PM,11:45 PM,"Civil: JTI, Family/Probate: eFileCA","Civil: 120 MB, Family/Probate: 25 MB","Civil: 120 MB, Family/Probate: 35 MB",505 S. Centre Street,San Pedro,California,90731-3332
10350,"Los Angeles County, Superior Court of California",North Valley Limited Santa Clarita,State,California,CA,Los Angeles,0,0,1,12:00 PM,Same-Day,5:00 PM,Next-Day,All Non-Criminal,Mandatory,11:59 PM,11:45 PM,"Civil: JTI, Family/Probate: eFileCA","Civil: 120 MB, Family/Probate: 25 MB","Civil: 120 MB, Family/Probate: 35 MB",23747 W. Valencia Blvd,Santa Clarita,California,91355
10351,"Los Angeles County, Superior Court of California",West District,State,California,CA,Los Angeles,1,1,1,12:00 PM,Next-Day,12:00 PM,Next-Day,All Non-Criminal,Mandatory,11:59 PM,11:45 PM,"Civil: JTI, Family/Probate: eFileCA","Civil: 120 MB, Family/Probate: 25 MB","Civil: 120 MB, Family/Probate: 35 MB",1725 Main Street,Santa Monica,California,90401-3299
10352,"Los Angeles County, Superior Court of California",West Limited Santa Monica,State,California,CA,Los Angeles,0,0,1,12:00 PM,Same-Day,12:00 AM,,All Non-Criminal,Mandatory,11:59 PM,11:45 PM,"Civil: JTI, Family/Probate: eFileCA","Civil: 120 MB, Family/Probate: 25 MB","Civil: 120 MB, Family/Probate: 35 MB",1725 Main Street,Santa Monica,California,90401-3299
10353,"Los Angeles County, Superior Court of California",South East Limited South Gate,State,California,CA,Los Angeles,0,0,1,12:00 PM,Same-Day,12:00 AM,,All Non-Criminal,Mandatory,11:59 PM,11:45 PM,"Civil: JTI, Family/Probate: eFileCA","Civil: 120 MB, Family/Probate: 25 MB","Civil: 120 MB, Family/Probate: 35 MB",8640 California Avenue,South Gate,California,90280-3074
10354,"Los Angeles County, Superior Court of California",South West District,State,California,CA,Los Angeles,1,1,1,12:00 PM,Next-Day,12:00 PM,Next-Day,All Non-Criminal,Mandatory,11:59 PM,11:45 PM,"Civil: JTI, Family/Probate: eFileCA","Civil: 120 MB, Family/Probate: 25 MB","Civil: 120 MB, Family/Probate: 35 MB",825 Maple Avenue,Torrance,California,90503-5096
10355,"Los Angeles County, Superior Court of California",North Valley Limited Newhall,State,California,CA,Los Angeles,0,0,1,12:00 PM,Same-Day,12:00 AM,Next-Day,All Non-Criminal,Mandatory,11:59 PM,11:45 PM,"Civil: JTI, Family/Probate: eFileCA","Civil: 120 MB, Family/Probate: 25 MB","Civil: 120 MB, Family/Probate: 35 MB",23747 W. Valencia Blvd,Valencia,California,91355-2913
10356,"Los Angeles County, Superior Court of California",North West District,State,California,CA,Los Angeles,1,1,1,12:00 PM,Next-Day,12:00 PM,Next-Day,All Non-Criminal,Mandatory,11:59 PM,11:45 PM,"Civil: JTI, Family/Probate: eFileCA","Civil: 120 MB, Family/Probate: 25 MB","Civil: 120 MB, Family/Probate: 35 MB",6230 Sylmar Avenue,Van Nuys,California,91401
10357,"Los Angeles County, Superior Court of California",North West Limited Van Nuys,State,California,CA,Los Angeles,0,0,1,12:00 PM,Same-Day,12:00 AM,,All Non-Criminal,Mandatory,11:59 PM,11:45 PM,"Civil: JTI, Family/Probate: eFileCA","Civil: 120 MB, Family/Probate: 25 MB","Civil: 120 MB, Family/Probate: 35 MB",14400 Erwin Street Mall,Van Nuys,California,91401-2705
10358,"Los Angeles County, Superior Court of California",East Limited Citrus,State,California,CA,Los Angeles,1,1,1,12:00 PM,Next-Day,12:00 PM,Next-Day,All Non-Criminal,Mandatory,11:59 PM,11:45 PM,"Civil: JTI, Family/Probate: eFileCA","Civil: 120 MB, Family/Probate: 25 MB","Civil: 120 MB, Family/Probate: 35 MB",1427 W. Covina Parkway,West Covina,California,91790-2799
10359,"Los Angeles County, Superior Court of California",South East Whittier-Family Law,State,California,CA,Los Angeles,1,1,1,12:00 PM,Next-Day,12:00 PM,Next-Day,All Non-Criminal,Mandatory,11:59 PM,11:45 PM,"Civil: JTI, Family/Probate: eFileCA","Civil: 120 MB, Family/Probate: 25 MB","Civil: 120 MB, Family/Probate: 35 MB",7339 S. Painter Avenue,Whittier,California,90602-1891
12667,"Los Angeles County, Superior Court of California",Spring St.,State,California,CA,Los Angeles,1,1,1,12:00 PM,Same-Day,12:00 PM,Same-Day,All Non-Criminal,Mandatory,11:59 PM,11:45 PM,"Civil: JTI, Family/Probate: eFileCA","Civil: 120 MB, Family/Probate: 25 MB","Civil: 120 MB, Family/Probate: 35 MB",312 N. Spring St.,Los Angeles,California,90012
14327,"Los Angeles County, Superior Court of California",Edmund D. Edelman Childrens Court,State,California,CA,Los Angeles,1,0,1,12:00 PM,Next-Day,12:00 PM,Next-Day,All Non-Criminal,Mandatory,11:59 PM,11:45 PM,"Civil: JTI, Family/Probate: eFileCA","Civil: 120 MB, Family/Probate: 25 MB","Civil: 120 MB, Family/Probate: 35 MB",201 Centre Plaza Dr,Monterey Park,CA,91754
14329,"Los Angeles County, Superior Court of California",Central District Hollywood,State,California,CA,Los Angeles,1,0,1,12:00 PM,Same-Day,12:00 AM,Same-Day,All Non-Criminal,Mandatory,11:59 PM,11:45 PM,"Civil: JTI, Family/Probate: eFileCA","Civil: 120 MB, Family/Probate: 25 MB","Civil: 120 MB, Family/Probate: 35 MB",5925 Hollywood Blvd.,Los Angeles,CA,90028
10360,"Madera County, Superior Court of California",Sierra,State,California,CA,Madera,0,0,0,12:00 PM,Same-Day,5:00 PM,Next-Day,All Non-Criminal,Voluntary,11:59 PM,11:45 PM,JTI,120 MB,120 MB,40601 Road 274,Bass Lake,California,93604
10361,"Madera County, Superior Court of California",Madera,State,California,CA,Madera,1,1,1,12:00 PM,Next-Day,12:00 PM,Next-Day,All Non-Criminal,Voluntary,11:59 PM,11:45 PM,JTI,120 MB,120 MB,200 South G Street,Madera,California,93637-3596
10362,"Marin County, Superior Court of California",Marin,State,California,CA,Marin,1,0,1,12:00 PM,Same-Day,12:00 PM,Same-Day,All Non-Criminal,Mandatory,11:59 PM,11:45 PM,JTI,120 MB,120 MB,3501 Civic Center Drive,San Rafael,California,94903-4112
10363,"Mariposa County, Superior Court of California",Mariposa,State,California,CA,Mariposa,1,1,1,12:00 PM,Two-Day,5:00 PM,Two-Day,All Non-Criminal,Voluntary,11:59 PM,11:45 PM,eFileCA,25 MB,35 MB,"5088 Bullion Street,  P.O. Box 28",Mariposa,California,95338-0028
10364,"Mendocino County, Superior Court of California",Fort Bragg,State,California,CA,Mendocino,1,1,1,12:00 PM,Two-Day,5:00 PM,Two-Day,All Non-Criminal,Mandatory,11:59 PM,11:45 PM,eFileCA,25 MB,35 MB,700 S. Franklin Street,Fort Bragg,California,95437-5421
10365,"Mendocino County, Superior Court of California",Ukiah,State,California,CA,Mendocino,1,1,1,12:00 PM,Next-Day,12:00 PM,Next-Day,All Non-Criminal,Mandatory,11:59 PM,11:45 PM,eFileCA,25 MB,35 MB,100 N. State Street,Ukiah,California,95482-4416
10366,"Merced County, Superior Court of California",Merced - Unlimited/Limited/Probate,State,California,CA,Merced,1,1,1,12:00 PM,Next-Day,12:00 PM,Next-Day,All Non-Criminal,Mandatory,11:59 PM,11:45 PM,eFileCA,25 MB,35 MB,2260 N Street,Merced,California,95340-3744
10367,"Merced County, Superior Court of California",Merced-Los Banos,State,California,CA,Merced,1,1,1,12:00 PM,Next-Day,12:00 PM,Next-Day,All Non-Criminal,Mandatory,11:59 PM,11:45 PM,eFileCA,25 MB,35 MB,1159 G Street,Los Banos,California,93635
10368,"Merced County, Superior Court of California",Merced - Unlimited/Family,State,California,CA,Merced,0,0,1,12:00 PM,Same-Day,5:00 PM,Next-Day,All Non-Criminal,Mandatory,11:59 PM,11:45 PM,eFileCA,25 MB,35 MB,2260 N Street,Merced,California,95340
12449,"Merced County, Superior Court of California",Merced - Unlimited/Limited/Family,State,California,CA,Merced,1,1,1,12:00 PM,Next-Day,12:00 PM,Next-Day,All Non-Criminal,Mandatory,11:59 PM,11:45 PM,eFileCA,25 MB,35 MB,627 W. 21st Street,Merced,California,95340
10369,"Modoc County, Superior Court of California",Alturas,State,California,CA,Modoc,1,1,0,12:00 PM,Two-Day,5:00 PM,Two-Day,All Non-Criminal,Mandatory,11:59 PM,11:45 PM,,,,205 South East Street,Alturas,California,96101
10370,"Mono County, Superior Court of California",Mono,State,California,CA,Mono,1,1,1,12:00 PM,Same-Day,12:00 AM,,All Non-Criminal,Mandatory,11:59 PM,11:45 PM,JTI,120 MB,120 MB,P.O. Box 494,Bridgeport,California,93517
10371,"Mono County, Superior Court of California",Mammoth Lakes,State,California,CA,Mono,1,0,1,12:00 PM,Next-Day,12:00 PM,Next-Day,All Non-Criminal,Mandatory,11:59 PM,11:45 PM,JTI,120 MB,120 MB,100 Thompson Way,Mammoth Lakes,California,93546
10373,"Monterey County, Superior Court of California",Monterey,State,California,CA,Monterey,1,1,1,12:00 PM,Next-Day,12:00 PM,Next-Day,All Non-Criminal,Mandatory,11:59 PM,11:45 PM,JTI,120 MB,120 MB,1200 Aquajito Road,Monterey,California,93940-4893
10374,"Monterey County, Superior Court of California",Monterey-Limited,State,California,CA,Monterey,0,0,1,12:00 PM,Same-Day,12:00 AM,,All Non-Criminal,Mandatory,11:59 PM,11:45 PM,JTI,120 MB,120 MB,1200 Aquajito Road,Monterey,California,93942-0751
10375,"Monterey County, Superior Court of California",Monterey,State,California,CA,Monterey,1,1,1,12:00 PM,Next-Day,12:00 PM,Next-Day,All Non-Criminal,Mandatory,11:59 PM,11:45 PM,JTI,120 MB,120 MB,"240 Church Street,  P.O. Box 1819",Salinas,California,93902
10376,"Monterey County, Superior Court of California",Monterey-Limited Salinas,State,California,CA,Monterey,0,0,1,12:00 PM,Same-Day,12:00 AM,,All Non-Criminal,Mandatory,11:59 PM,11:45 PM,JTI,120 MB,120 MB,240 Church Street,Salinas,California,93901-2683
10377,"Napa County, Superior Court of California",Historic Courthouse,State,California,CA,Napa,1,1,1,12:00 PM,Next-Day,12:00 PM,Next-Day,All Non-Criminal,Voluntary,11:59 PM,11:45 PM,eFileCA,25 MB,35 MB,825 Brown Street,Napa,California,94559
10378,"Nevada County, Superior Court of California",Nevada City,State,California,CA,Nevada,1,1,1,12:00 PM,Two-Day,5:00 PM,Two-Day,All Non-Criminal,Mandatory,11:59 PM,11:45 PM,JTI,120 MB,120 MB,"201 Church Street, Suite 5",Nevada City,California,95959-2505
10379,"Nevada County, Superior Court of California",Truckee,State,California,CA,Nevada,1,1,1,12:00 PM,Two-Day,5:00 PM,Two-Day,All Non-Criminal,Mandatory,11:59 PM,11:45 PM,JTI,120 MB,120 MB,"10075 Levon Avenue, Suite 301",Truckee,California,96161
10380,"Orange County, Superior Court of California",Harbor Justice Center Newport Beach,State,California,CA,Orange,1,1,1,12:00 PM,Same-Day,12:00 PM,Same-Day,All Non-Criminal,Mandatory,11:59 PM,11:45 PM,"Civil/Probate: CCMS, Family: eFileCA","Civil/Probate: 35 MB, Family: 25 MB","Civil/Probate: 60 MB, Family: 35 MB",4601 Jamboree Road,Newport Beach,California,92660
10381,"Orange County, Superior Court of California",North Justice Center Fullerton,State,California,CA,Orange,1,1,1,12:00 PM,Same-Day,12:00 PM,Same-Day,All Non-Criminal,Mandatory,11:59 PM,11:45 PM,"Civil/Probate: CCMS, Family: eFileCA","Civil/Probate: 35 MB, Family: 25 MB","Civil/Probate: 60 MB, Family: 35 MB",1275 N. Berkeley Street,Fullerton,California,92838-0500
10382,"Orange County, Superior Court of California",Harbor Justice Center Laguna Hills,State,California,CA,Orange,0,0,1,12:00 PM,Same-Day,12:00 AM,,All Non-Criminal,Mandatory,11:59 PM,11:45 PM,"Civil/Probate: CCMS, Family: eFileCA","Civil/Probate: 35 MB, Family: 25 MB","Civil/Probate: 60 MB, Family: 35 MB","23141 Moulton Parkway, 2nd Floor",Laguna Hills,California,92677-2089
10383,"Orange County, Superior Court of California",Harbor,State,California,CA,Orange,0,0,1,12:00 PM,Same-Day,12:00 AM,Next-Day,All Non-Criminal,Mandatory,11:59 PM,11:45 PM,"Civil/Probate: CCMS, Family: eFileCA","Civil/Probate: 35 MB, Family: 25 MB","Civil/Probate: 60 MB, Family: 35 MB",4601 Jamboree Road,Newport Beach,California,92660-2595
10384,"Orange County, Superior Court of California",Family Law Orange,State,California,CA,Orange,1,1,1,12:00 PM,Same-Day,12:00 PM,Same-Day,All Non-Criminal,Mandatory,11:59 PM,11:45 PM,"Civil/Probate: CCMS, Family: eFileCA","Civil/Probate: 35 MB, Family: 25 MB","Civil/Probate: 60 MB, Family: 35 MB",341 The City Drive,Orange,California,92868-3209
10385,"Orange County, Superior Court of California",Probate and Mental Health - Lamoreaux Justice Center,State,California,CA,Orange,0,0,1,12:00 PM,Same-Day,12:00 AM,,All Non-Criminal,Mandatory,11:59 PM,11:45 PM,"Civil/Probate: CCMS, Family: eFileCA","Civil/Probate: 35 MB, Family: 25 MB","Civil/Probate: 60 MB, Family: 35 MB",341 The City Drive South,Orange,California,92868-3205
10386,"Orange County, Superior Court of California",Central Justice Center Santa Ana,State,California,CA,Orange,1,1,1,12:00 PM,Same-Day,12:00 PM,Same-Day,All Non-Criminal,Mandatory,11:59 PM,11:45 PM,"Civil/Probate: CCMS, Family: eFileCA","Civil/Probate: 35 MB, Family: 25 MB","Civil/Probate: 60 MB, Family: 35 MB",700 Civic Center Drive West,Santa Ana,California,92702-1994
10387,"Orange County, Superior Court of California",Civil Complex Center Santa Ana,State,California,CA,Orange,1,1,1,12:00 PM,Same-Day,12:00 PM,Same-Day,All Non-Criminal,Mandatory,11:59 PM,11:45 PM,"Civil/Probate: CCMS, Family: eFileCA","Civil/Probate: 35 MB, Family: 25 MB","Civil/Probate: 60 MB, Family: 35 MB",751 W. Santa Ana Blvd.,Santa Ana,California,92701
10388,"Orange County, Superior Court of California",West Justice Center Westminster,State,California,CA,Orange,1,1,1,12:00 PM,Same-Day,12:00 PM,Same-Day,All Non-Criminal,Mandatory,11:59 PM,11:45 PM,"Civil/Probate: CCMS, Family: eFileCA","Civil/Probate: 35 MB, Family: 25 MB","Civil/Probate: 60 MB, Family: 35 MB",8141 13th Street,Westminster,California,92683-4593
14328,"Orange County, Superior Court of California",Costa Mesa Justice Complex,State,California,CA,Orange,1,0,1,12:00 PM,Same-Day,12:00 AM,Same-Day,All Non-Criminal,Mandatory,11:59 PM,11:45 PM,"Civil/Probate: CCMS, Family: eFileCA","Civil/Probate: 35 MB, Family: 25 MB","Civil/Probate: 60 MB, Family: 35 MB",3390 Harbor Boulevard,Costa Mesa,CA,92626
10389,"Placer County, Superior Court of California",Placer - Maple Street,State,California,CA,Placer,0,0,1,12:00 PM,Same-Day,12:00 AM,,All Non-Criminal,Mandatory,11:59 PM,11:45 PM,JTI,120 MB,120 MB,101 Maple Street,Auburn,California,95603-5026
10390,"Placer County, Superior Court of California",Placer-Colfax,State,California,CA,Placer,0,0,1,12:00 PM,Same-Day,12:00 AM,,All Non-Criminal,Mandatory,11:59 PM,11:45 PM,JTI,120 MB,120 MB,10 Culver Street,Colfax,California,95713
10391,"Placer County, Superior Court of California",Placer-Foresthill,State,California,CA,Placer,0,0,1,12:00 PM,Same-Day,12:00 AM,,All Non-Criminal,Mandatory,11:59 PM,11:45 PM,JTI,120 MB,120 MB,24580 Main Street,Foresthill,California,95631-0267
10392,"Placer County, Superior Court of California",Placer-Lincoln,State,California,CA,Placer,0,0,1,12:00 PM,Same-Day,12:00 AM,,All Non-Criminal,Mandatory,11:59 PM,11:45 PM,JTI,120 MB,120 MB,453 G Street,Lincoln,California,95648
10393,"Placer County, Superior Court of California",Placer-Roseville-Traffic,State,California,CA,Placer,0,0,1,12:00 PM,Same-Day,12:00 AM,,All Non-Criminal,Mandatory,11:59 PM,11:45 PM,JTI,120 MB,120 MB,300 Taylor Street,Roseville,California,95678
10394,"Placer County, Superior Court of California",Placer-Roseville-Civil,State,California,CA,Placer,1,1,1,12:00 PM,Next-Day,12:00 PM,Next-Day,All Non-Criminal,Mandatory,11:59 PM,11:45 PM,JTI,120 MB,120 MB,10820 Justice Center Drive,Roseville,California,95678
10395,"Placer County, Superior Court of California",Placer-Tahoe,State,California,CA,Placer,1,1,1,12:00 PM,Next-Day,12:00 PM,Next-Day,All Non-Criminal,Mandatory,11:59 PM,11:45 PM,JTI,120 MB,120 MB,2501 N. Lake Blvd,Tahoe City,California,96145
10396,"Plumas County, Superior Court of California",Quincy,State,California,CA,Plumas,1,1,0,12:00 PM,Two-Day,5:00 PM,Two-Day,,,,,,,,"520 Main Street, Room 104",Quincy,California,95971
10397,"Riverside County, Superior Court of California",Riverside-Limited Banning,State,California,CA,Riverside,1,1,1,12:00 PM,Next-Day,12:00 PM,Next-Day,Civil,Mandatory,11:59 PM,11:45 PM,JTI,120 MB,120 MB,311 E. Ramsey Street,Banning,California,92220-5594
10398,"Riverside County, Superior Court of California",Riverside-Limited Blythe,State,California,CA,Riverside,1,0,1,12:00 PM,Same-Day,12:00 AM,,Civil,Mandatory,11:59 PM,11:45 PM,JTI,120 MB,120 MB,265 North Broadway,Blythe,California,92225
10399,"Riverside County, Superior Court of California",Riverside-Limited Corona,State,California,CA,Riverside,1,0,1,12:00 PM,Same-Day,12:00 AM,,Civil,Mandatory,11:59 PM,11:45 PM,JTI,120 MB,120 MB,"505 S. Buena Vista Avenue, #201",Corona,California,91720-1997
10400,"Riverside County, Superior Court of California",Riverside-Limited Hemet/San Jacinto,State,California,CA,Riverside,1,1,1,12:00 PM,Next-Day,12:00 PM,Next-Day,Civil,Mandatory,11:59 PM,11:45 PM,JTI,120 MB,120 MB,880 N. State Street,Hemet,California,92543-1498
10401,"Riverside County, Superior Court of California",Indio,State,California,CA,Riverside,1,1,1,12:00 PM,Next-Day,12:00 PM,Next-Day,Civil,Mandatory,11:59 PM,11:45 PM,JTI,120 MB,120 MB,46-200 Oasis Street,Indio,California,92201
10402,"Riverside County, Superior Court of California",Riverside-Limited Lake Elsinore,State,California,CA,Riverside,0,0,1,12:00 PM,Same-Day,12:00 AM,,Civil,Mandatory,11:59 PM,11:45 PM,JTI,120 MB,120 MB,117 S. Langstaff,Lake Elsinore,California,92530-3794
10403,"Riverside County, Superior Court of California",Riverside-Limited Moreno Valley,State,California,CA,Riverside,1,1,1,12:00 PM,Next-Day,12:00 PM,Next-Day,Civil,Mandatory,11:59 PM,11:45 PM,JTI,120 MB,120 MB,"13800 Heacock Avenue, Bldg #D",Moreno Valley,California,92553-3338
10404,"Riverside County, Superior Court of California",Murrieta-Civil,State,California,CA,Riverside,1,1,1,12:00 PM,Next-Day,12:00 PM,Next-Day,Civil,Mandatory,11:59 PM,11:45 PM,JTI,120 MB,120 MB,30755-D Auld Road,Murrieta,California,92563
10405,"Riverside County, Superior Court of California",Murrieta-Family Law,State,California,CA,Riverside,1,1,1,12:00 PM,Next-Day,12:00 PM,Next-Day,Civil,Mandatory,11:59 PM,11:45 PM,JTI,120 MB,120 MB,30755-D Auld Road,Murrieta,California,92563
10406,"Riverside County, Superior Court of California",Riverside-Palm Springs,State,California,CA,Riverside,1,1,1,12:00 PM,Next-Day,12:00 PM,Next-Day,Civil,Mandatory,11:59 PM,11:45 PM,JTI,120 MB,120 MB,3255 E. Tahquitz Canyon Way,Palm Springs,California,92262-6996
10407,"Riverside County, Superior Court of California",Riverside-Limited Perris,State,California,CA,Riverside,0,0,1,12:00 PM,Same-Day,12:00 AM,,Civil,Mandatory,11:59 PM,11:45 PM,JTI,120 MB,120 MB,227 N. D Street,Perris,California,92570-1946
10408,"Riverside County, Superior Court of California",Riverside,State,California,CA,Riverside,1,1,1,12:00 PM,Same-Day,12:00 PM,Same-Day,Civil,Mandatory,11:59 PM,11:45 PM,JTI,120 MB,120 MB,4050 Main Street,Riverside,California,92501-3703
10409,"Riverside County, Superior Court of California",Family Law,State,California,CA,Riverside,1,1,1,12:00 PM,Same-Day,12:00 PM,Same-Day,Civil,Mandatory,11:59 PM,11:45 PM,JTI,120 MB,120 MB,4175 Main Street,Riverside,California,92501
10410,"Riverside County, Superior Court of California",Riverside-Limited Temecula,State,California,CA,Riverside,1,1,1,12:00 PM,Next-Day,12:00 PM,Next-Day,Civil,Mandatory,11:59 PM,11:45 PM,JTI,120 MB,120 MB,"41002 County Center Drive, Bldg. C",Temecula,California,92591-6035
14335,"Riverside County, Superior Court of California",Menifee Justice Center,State,California,CA,Riverside,1,1,1,12:00 PM,Next-Day,12:00 PM,Next-Day,Civil,Mandatory,11:59 PM,11:45 PM,JTI,120 MB,120 MB,27401 Menifee Center Drive,Menifee,California,92584
14332,"Sacramento County, Superior Court of California",Hall of Justice,State,California,CA,Sacramento,1,1,1,12:00 PM,Same-Day,12:00 PM,Same-Day,"Civil, Probate",Mandatory,11:59 PM,11:45 PM,JTI,120 MB,120 MB,813 6th Street,Sacramento,California,95814
10411,"Sacramento County, Superior Court of California",Sacramento-Limited Elk Grove,State,California,CA,Sacramento,0,0,1,12:00 PM,Same-Day,12:00 AM,,"Civil, Probate",Mandatory,11:59 PM,11:45 PM,JTI,120 MB,120 MB,8978 Elk Grove Blvd,Elk Grove,California,95624-1994
10412,"Sacramento County, Superior Court of California",Sacramento-Limited Galt,State,California,CA,Sacramento,0,0,1,12:00 PM,Same-Day,12:00 AM,,"Civil, Probate",Mandatory,11:59 PM,11:45 PM,JTI,120 MB,120 MB,380 Civic Drive,Galt,California,95632-2097
10413,"Sacramento County, Superior Court of California",Carol Miller,State,California,CA,Sacramento,1,1,1,12:00 PM,Next-Day,12:00 PM,Next-Day,"Civil, Probate",Mandatory,11:59 PM,11:45 PM,JTI,120 MB,120 MB,301 Bicentennial Circle,Sacramento,California,95826-2700
10414,"Sacramento County, Superior Court of California",Family Law-Probate,State,California,CA,Sacramento,1,1,1,12:00 PM,Next-Day,12:00 PM,Next-Day,"Civil, Probate",Mandatory,11:59 PM,11:45 PM,JTI,120 MB,120 MB,3341 Power Inn Road,Sacramento,California,95826-3889
10415,"Sacramento County, Superior Court of California",Limited,State,California,CA,Sacramento,0,0,1,12:00 PM,Same-Day,12:00 AM,,"Civil, Probate",Mandatory,11:59 PM,11:45 PM,JTI,120 MB,120 MB,520 E. 9th Street,Sacramento,California,95814
10416,"Sacramento County, Superior Court of California",Sacramento,State,California,CA,Sacramento,1,1,1,12:00 PM,Same-Day,12:00 PM,Same-Day,"Civil, Probate",Mandatory,11:59 PM,11:45 PM,JTI,120 MB,120 MB,720 9th Street,Sacramento,California,95814-1302
10417,"Sacramento County, Superior Court of California",Sacramento-Limited - I Street,State,California,CA,Sacramento,0,0,1,12:00 PM,Same-Day,12:00 AM,,"Civil, Probate",Mandatory,11:59 PM,11:45 PM,JTI,120 MB,120 MB,651 I Street,Sacramento,California,95814-2417
10418,"Sacramento County, Superior Court of California",Sacramento-Limited - Kiefer Boulevard,State,California,CA,Sacramento,0,0,1,12:00 PM,Same-Day,12:00 AM,,"Civil, Probate",Mandatory,11:59 PM,11:45 PM,JTI,120 MB,120 MB,9601 Kiefer Blvd.,Sacramento,California,95827-3887
10419,"Sacramento County, Superior Court of California",Sacramento-Limited - Ninth Street,State,California,CA,Sacramento,0,0,1,12:00 PM,Same-Day,12:00 AM,,"Civil, Probate",Mandatory,11:59 PM,11:45 PM,JTI,120 MB,120 MB,720 9th Street,Sacramento,California,95814
10420,"Sacramento County, Superior Court of California",Sacramento-Limited Walnut Grove,State,California,CA,Sacramento,0,0,1,12:00 PM,Same-Day,12:00 AM,,"Civil, Probate",Mandatory,11:59 PM,11:45 PM,JTI,120 MB,120 MB,"14177 Market Street, P.O. Box 371",Walnut Grove,California,95690-0371
10421,"San Benito County, Superior Court of California",Hollister,State,California,CA,San Benito,1,0,1,12:00 PM,Next-Day,12:00 PM,Next-Day,All Non-Criminal,Mandatory for Civil; Other Divisions Voluntary,11:59 PM,11:45 PM,JTI,120 MB,120 MB,450 4th Street,Hollister,California,95023-3892
10422,"San Bernardino County, Superior Court of California",Barstow,State,California,CA,San Bernardino,1,1,1,12:00 PM,Next-Day,12:00 PM,Next-Day,All Non-Criminal,Mandatory for Civil; Other Divisions Voluntary,11:59 PM,11:45 PM,eFileCA,25 MB,35 MB,235 E. Mountain View Avenue,Barstow,California,92311
10423,"San Bernardino County, Superior Court of California",Big Bear,State,California,CA,San Bernardino,0,0,1,12:00 PM,Same-Day,12:00 AM,,All Non-Criminal,Mandatory for Civil; Other Divisions Voluntary,11:59 PM,11:45 PM,eFileCA,25 MB,35 MB,"477 Summit Blvd., P.O. Box 2806",Big Bear Lake,California,92315
10424,"San Bernardino County, Superior Court of California",San Bernardino-Limited Chino,State,California,CA,San Bernardino,0,0,1,12:00 PM,Same-Day,12:00 AM,,All Non-Criminal,Mandatory for Civil; Other Divisions Voluntary,11:59 PM,11:45 PM,eFileCA,25 MB,35 MB,13260 Central Avenue,Chino,California,91710
10425,"San Bernardino County, Superior Court of California",Fontana,State,California,CA,San Bernardino,1,1,1,12:00 PM,Next-Day,12:00 PM,Next-Day,All Non-Criminal,Mandatory for Civil; Other Divisions Voluntary,11:59 PM,11:45 PM,eFileCA,25 MB,35 MB,17780 Arrow Blvd,Fontana,California,92335
10426,"San Bernardino County, Superior Court of California",Joshua Tree,State,California,CA,San Bernardino,1,1,1,12:00 PM,Two-Day,5:00 PM,Two-Day,All Non-Criminal,Mandatory for Civil; Other Divisions Voluntary,11:59 PM,11:45 PM,eFileCA,25 MB,35 MB,6527 White Feather Road,Joshua Tree,California,92252
10427,"San Bernardino County, Superior Court of California",San Bernardino-Limited Needles,State,California,CA,San Bernardino,1,0,1,12:00 PM,Same-Day,12:00 AM,,All Non-Criminal,Mandatory for Civil; Other Divisions Voluntary,11:59 PM,11:45 PM,eFileCA,25 MB,35 MB,1111 Bailey Avenue,Needles,California,92363
10428,"San Bernardino County, Superior Court of California",Rancho Cucamonga,State,California,CA,San Bernardino,1,1,1,12:00 PM,Next-Day,12:00 PM,Next-Day,All Non-Criminal,Mandatory for Civil; Other Divisions Voluntary,11:59 PM,11:45 PM,eFileCA,25 MB,35 MB,8303 N. Haven Avenue,Rancho Cucamonga,California,91730
10429,"San Bernardino County, Superior Court of California",San Bernardino-Redlands,State,California,CA,San Bernardino,0,0,1,12:00 PM,Same-Day,12:00 AM,Next-Day,All Non-Criminal,Mandatory for Civil; Other Divisions Voluntary,11:59 PM,11:45 PM,eFileCA,25 MB,35 MB,216 Brookside Ave. - Probate,Redlands,California,92373
10430,"San Bernardino County, Superior Court of California",San Bernardino Family eFiling,State,California,CA,San Bernardino,1,0,1,12:00 PM,Same-Day,12:00 PM,Same-Day,All Non-Criminal,Mandatory for Civil; Other Divisions Voluntary,11:59 PM,11:45 PM,eFileCA,25 MB,35 MB,,z_Soft Launch_z,California,92415-0212
10431,"San Bernardino County, Superior Court of California",San Bernardino-Family Law,State,California,CA,San Bernardino,1,1,1,12:00 PM,Same-Day,12:00 PM,Same-Day,All Non-Criminal,Mandatory for Civil; Other Divisions Voluntary,11:59 PM,11:45 PM,eFileCA,25 MB,35 MB,351 N. Arrowhead Avenue,San Bernardino,California,92415-0245
10432,"San Bernardino County, Superior Court of California",San Bernardino-Justice Center,State,California,CA,San Bernardino,1,1,1,12:00 PM,Same-Day,12:00 PM,Same-Day,All Non-Criminal,Mandatory for Civil; Other Divisions Voluntary,11:59 PM,11:45 PM,eFileCA,25 MB,35 MB,247 West Third Street,San Bernardino,California,92415-0212
10433,"San Bernardino County, Superior Court of California",Twin Peaks,State,California,CA,San Bernardino,1,1,1,12:00 PM,Two-Day,5:00 PM,Two-Day,All Non-Criminal,Mandatory for Civil; Other Divisions Voluntary,11:59 PM,11:45 PM,eFileCA,25 MB,35 MB,"26010 State Highway 198, P.O. Box 394",Twin Peaks,California,92391
10434,"San Bernardino County, Superior Court of California",Victorville,State,California,CA,San Bernardino,1,1,1,12:00 PM,Next-Day,12:00 PM,Next-Day,All Non-Criminal,Mandatory for Civil; Other Divisions Voluntary,11:59 PM,11:45 PM,eFileCA,25 MB,35 MB,14455 Civic Drive,Victorville,California,92392
10435,"San Diego County, Superior Court of California",Family/DV-Madge Bradley,State,California,CA,San Diego,1,1,1,12:00 PM,Next-Day,12:00 PM,Next-Day,"Civil, Family, Probate",Mandatory,11:59 PM,11:45 PM,eFileCA,25 MB,35 MB,1409 Fourth Avenue,San Diego,California,92101
10436,"San Diego County, Superior Court of California",Probate-Madge Bradley,State,California,CA,San Diego,1,1,1,12:00 PM,Next-Day,12:00 PM,Next-Day,"Civil, Family, Probate",Mandatory,11:59 PM,11:45 PM,eFileCA,25 MB,35 MB,1409 Fourth Avenue,San Diego,California,92101
10437,"San Diego County, Superior Court of California",South,State,California,CA,San Diego,1,1,1,12:00 PM,Next-Day,12:00 PM,Next-Day,"Civil, Family, Probate",Mandatory,11:59 PM,11:45 PM,eFileCA,25 MB,35 MB,500 Third Avenue,Chula Vista,California,91910
10438,"San Diego County, Superior Court of California",East County,State,California,CA,San Diego,1,1,1,12:00 PM,Next-Day,12:00 PM,Next-Day,"Civil, Family, Probate",Mandatory,11:59 PM,11:45 PM,eFileCA,25 MB,35 MB,250 E. Main Street,El Cajon,California,92020
10439,"San Diego County, Superior Court of California",Central - Civil,State,California,CA,San Diego,1,1,1,12:00 PM,Same-Day,12:00 PM,Same-Day,"Civil, Family, Probate",Mandatory,11:59 PM,11:45 PM,eFileCA,25 MB,35 MB,330 W. Broadway,San Diego,California,92101-3409
10440,"San Diego County, Superior Court of California",Family Law San Diego,State,California,CA,San Diego,1,1,1,12:00 PM,Next-Day,12:00 PM,Next-Day,"Civil, Family, Probate",Mandatory,11:59 PM,11:45 PM,eFileCA,25 MB,35 MB,1555 Sixth Avenue,San Diego,California,92101
10441,"San Diego County, Superior Court of California",Kearny Mesa San Diego,State,California,CA,San Diego,0,0,1,12:00 PM,Same-Day,12:00 AM,,"Civil, Family, Probate",Mandatory,11:59 PM,11:45 PM,eFileCA,25 MB,35 MB,8950 Clairemont Mesa Blvd.,San Diego,California,92123
10442,"San Diego County, Superior Court of California",North,State,California,CA,San Diego,1,1,1,12:00 PM,Next-Day,12:00 PM,Next-Day,"Civil, Family, Probate",Mandatory,11:59 PM,11:45 PM,eFileCA,25 MB,35 MB,325 S. Melrose Drive,Vista,California,92081
12665,"San Diego County, Superior Court of California",Central - Family/Probate,State,California,CA,San Diego,1,1,1,12:00 PM,Same-Day,12:00 PM,Same-Day,"Civil, Family, Probate",Mandatory,11:59 PM,11:45 PM,eFileCA,25 MB,35 MB,1100 Union Street,San Diego,California,92101
12666,"San Diego County, Superior Court of California",Central - Probate,State,California,CA,San Diego,0,0,1,12:00 PM,Next-Day,5:00 PM,Next-Day,"Civil, Family, Probate",Mandatory,11:59 PM,11:45 PM,eFileCA,25 MB,35 MB,1100 Union Street,San Diego,California,92101
10443,"San Francisco County, Superior Court of California",California Court of Appeal,State,California,CA,San Francisco,0,0,1,12:00 PM,Same-Day,12:00 AM,NULL,"Civil, Family, Probate",Mandatory,11:59 PM,11:45 PM,FSX,35 MB,60 MB,"350 McAllister Street, Room 1185",San Francisco,California,94102-3600
10444,"San Francisco County, Superior Court of California",San Francisco-Family Court,State,California,CA,San Francisco,0,1,1,12:00 PM,Same-Day,12:00 PM,Same-Day,"Civil, Family, Probate",Mandatory,11:59 PM,11:45 PM,FSX,35 MB,60 MB,"400 McAllister Street, Family Court",San Francisco,California,94102-4514
10445,"San Francisco County, Superior Court of California",San Francisco-McAllister,State,California,CA,San Francisco,1,1,1,12:00 PM,Same-Day,12:00 PM,Same-Day,"Civil, Family, Probate",Mandatory,11:59 PM,11:45 PM,FSX,35 MB,60 MB,400 McAllister Street,San Francisco,California,94102
10446,"San Francisco County, Superior Court of California",San Francisco - Van Ness ,State,California,CA,San Francisco,0,0,1,12:00 PM,Same-Day,12:00 AM,,"Civil, Family, Probate",Mandatory,11:59 PM,11:45 PM,FSX,35 MB,60 MB,"30 Van Ness Avenue,  #3100",San Francisco,California,94102
10447,"San Joaquin County, Superior Court of California",San Joaquin-Lodi,State,California,CA,San Joaquin,1,1,0,12:00 PM,Next-Day,12:00 PM,Next-Day,All Non-Criminal,Mandatory,11:59 PM,11:45 PM,,,,315 W. Elm Street,Lodi,California,95240
10448,"San Joaquin County, Superior Court of California",San Joaquin-Manteca,State,California,CA,San Joaquin,1,1,0,12:00 PM,Next-Day,12:00 PM,Next-Day,All Non-Criminal,Mandatory,11:59 PM,11:45 PM,,,,315 E. Center Street,Manteca,California,95336-4695
10449,"San Joaquin County, Superior Court of California",San Joaquin-Stockton,State,California,CA,San Joaquin,1,1,0,12:00 PM,Same-Day,12:00 PM,Same-Day,All Non-Criminal,Mandatory,11:59 PM,11:45 PM,,,,180 E. Weber Avenue,Stockton,California,95202-2777
10450,"San Joaquin County, Superior Court of California",San Joaquin-Stockton-Family,State,California,CA,San Joaquin,1,1,0,12:00 PM,Same-Day,12:00 PM,Same-Day,All Non-Criminal,Mandatory,11:59 PM,11:45 PM,,,,180 E. Weber Avenue,Stockton,California,95202
10451,"San Joaquin County, Superior Court of California",Tracy,State,California,CA,San Joaquin,0,0,0,12:00 PM,Same-Day,12:00 AM,,All Non-Criminal,Mandatory,11:59 PM,11:45 PM,,,,475 E. 10th Street,Tracy,California,95376-4040
10452,"San Luis Obispo County, Superior Court of California",San Luis Obispo-Grover,State,California,CA,San Luis Obispo,0,0,1,12:00 PM,Same-Day,12:00 AM,,All Non-Criminal,Mandatory,11:59 PM,11:45 PM,eFileCA,25 MB,35 MB,214 S. 16th Street,Grover Beach,California,93433-2299
10453,"San Luis Obispo County, Superior Court of California",San Luis Obispo-Paso Robles,State,California,CA,San Luis Obispo,1,1,1,12:00 PM,Next-Day,12:00 PM,Next-Day,All Non-Criminal,Mandatory,11:59 PM,11:45 PM,eFileCA,25 MB,35 MB,901 Park Street,Paso Robles,California,93446-2593
10454,"San Luis Obispo County, Superior Court of California",San Luis Obispo,State,California,CA,San Luis Obispo,1,1,1,12:00 PM,Same-Day,12:00 PM,Same-Day,All Non-Criminal,Mandatory,11:59 PM,11:45 PM,eFileCA,25 MB,35 MB,"1035 Palm Street, Room 385",San Luis Obispo,California,93408
10455,"San Mateo County, Superior Court of California",San Mateo-Southern-Redwood City,State,California,CA,San Mateo,1,1,1,12:00 PM,Same-Day,12:00 PM,Same-Day,All Non-Criminal,Mandatory,11:59 PM,11:45 PM,eFileCA,25 MB,35 MB,400 County Center,Redwood City,California,94063-1655
10456,"San Mateo County, Superior Court of California",San Mateo-Central-San Mateo,State,California,CA,San Mateo,0,1,1,12:00 PM,Next-Day,12:00 PM,Next-Day,All Non-Criminal,Mandatory,11:59 PM,11:45 PM,eFileCA,25 MB,35 MB,800 N. Humboldt Street,San Mateo,California,94401-1499
10457,"San Mateo County, Superior Court of California",San Mateo-Northern-So. San Francisco,State,California,CA,San Mateo,0,1,1,12:00 PM,Next-Day,12:00 PM,Next-Day,All Non-Criminal,Mandatory,11:59 PM,11:45 PM,eFileCA,25 MB,35 MB,1050 Mission Road,So. San Francisco,California,94080-3297
10458,"Santa Barbara County, Superior Court of California",Santa Barbara-Lompoc,State,California,CA,Santa Barbara,0,0,1,12:00 PM,Same-Day,12:00 AM,,All Non-Criminal,Mandatory,11:59 PM,11:45 PM,eFileCA,25 MB,35 MB,115 Civic Center Plaza,Lompoc,California,93436-6967
10459,"Santa Barbara County, Superior Court of California",Santa Barbara,State,California,CA,Santa Barbara,0,0,1,12:00 PM,Same-Day,5:00 PM,Next-Day,All Non-Criminal,Mandatory,11:59 PM,11:45 PM,eFileCA,25 MB,35 MB,1100 Anacapa Street,Santa Barbara,California,93101-2168
10460,"Santa Barbara County, Superior Court of California",Santa Barbara-Anacapa,State,California,CA,Santa Barbara,1,1,1,12:00 PM,Next-Day,12:00 PM,Next-Day,All Non-Criminal,Mandatory,11:59 PM,11:45 PM,eFileCA,25 MB,35 MB,1100 Anacapa Street,Santa Barbara,California,93101
10461,"Santa Barbara County, Superior Court of California",Cook,State,California,CA,Santa Barbara,1,1,1,12:00 PM,Next-Day,12:00 PM,Next-Day,All Non-Criminal,Mandatory,11:59 PM,11:45 PM,eFileCA,25 MB,35 MB,"312 East Cook Street, P.O. Box 5369",Santa Maria,California,93456-5369
12446,"Santa Barbara County, Superior Court of California",Santa Barbara-Lompoc,State,California,CA,Santa Barbara,1,1,1,12:00 PM,Next-Day,12:00 PM,Next-Day,All Non-Criminal,Mandatory,11:59 PM,11:45 PM,eFileCA,25 MB,35 MB,115 Civic Center Plaza,Lompoc,California,93436-6967
12447,"Santa Barbara County, Superior Court of California",Santa Maria,State,California,CA,Santa Barbara,1,1,1,12:00 PM,Next-Day,12:00 PM,Next-Day,All Non-Criminal,Mandatory,11:59 PM,11:45 PM,eFileCA,25 MB,35 MB,,Santa Maria,California,NULL
12450,"Santa Clara County, Superior Court of California",Civil Complex,State,California,CA,Santa Clara,1,1,1,12:00 PM,Next-Day,12:00 PM,Next-Day,All Non-Criminal,Mandatory,11:59 PM,11:45 PM,eFileCA,25 MB,35 MB,191 N. First Street,San Jose,California,95113-1090
12451,"Santa Clara County, Superior Court of California",General Civil,State,California,CA,Santa Clara,1,1,1,12:00 PM,Next-Day,12:00 PM,Next-Day,All Non-Criminal,Mandatory,11:59 PM,11:45 PM,eFileCA,25 MB,35 MB,191 N. First Street,San Jose,California,95113-1090
10463,"Santa Clara County, Superior Court of California",Santa Clara-Los Gatos,State,California,CA,Santa Clara,0,0,1,12:00 PM,Same-Day,12:00 AM,,All Non-Criminal,Mandatory,11:59 PM,11:45 PM,eFileCA,25 MB,35 MB,14205 Capri Drive,Los Gatos,California,95032
10464,"Santa Clara County, Superior Court of California",Santa Clara-South County,State,California,CA,Santa Clara,0,0,1,12:00 PM,Next-Day,5:00 PM,Two-Day,All Non-Criminal,Mandatory,11:59 PM,11:45 PM,eFileCA,25 MB,35 MB,301 Diana Avenue,Morgan Hill,California,95037
10465,"Santa Clara County, Superior Court of California",Santa Clara-Palo Alto,State,California,CA,Santa Clara,0,0,1,12:00 PM,Same-Day,12:00 AM,,All Non-Criminal,Mandatory,11:59 PM,11:45 PM,eFileCA,25 MB,35 MB,270 Grant Avenue,Palo Alto,California,94306-1993
10466,"Santa Clara County, Superior Court of California",Santa Clara - Family Court,State,California,CA,Santa Clara,1,1,1,12:00 PM,Same-Day,12:00 PM,Same-Day,All Non-Criminal,Mandatory,11:59 PM,11:45 PM,eFileCA,25 MB,35 MB,201 N. First Street,San Jose,California,95113-2219
10467,"Santa Clara County, Superior Court of California",Notre Dame-Family,State,California,CA,Santa Clara,0,0,1,12:00 PM,Same-Day,5:00 PM,Next-Day,All Non-Criminal,Mandatory,11:59 PM,11:45 PM,eFileCA,25 MB,35 MB,99 Notre Dame Avenue,San Jose,California,95113
10468,"Santa Clara County, Superior Court of California",Santa Clara - 190 Hedding Street,State,California,CA,Santa Clara,0,0,1,12:00 PM,Same-Day,12:00 AM,,All Non-Criminal,Mandatory,11:59 PM,11:45 PM,eFileCA,25 MB,35 MB,190 W. Hedding Street,San Jose,California,95110-1706
10469,"Santa Clara County, Superior Court of California",Santa Clara - 200 Hedding Street,State,California,CA,Santa Clara,0,0,1,12:00 PM,Same-Day,12:00 AM,,All Non-Criminal,Mandatory,11:59 PM,11:45 PM,eFileCA,25 MB,35 MB,200 West Hedding Street,San Jose,California,95110
10470,"Santa Clara County, Superior Court of California",Santa Clara - First Street,State,California,CA,Santa Clara,1,1,1,12:00 PM,Same-Day,12:00 PM,Same-Day,All Non-Criminal,Mandatory,11:59 PM,11:45 PM,eFileCA,25 MB,35 MB,191 N. First Street,San Jose,California,95113-1090
10471,"Santa Clara County, Superior Court of California",Santa Clara-Sunnyvale,State,California,CA,Santa Clara,0,0,1,12:00 PM,Next-Day,5:00 PM,Two-Day,All Non-Criminal,Mandatory,11:59 PM,11:45 PM,eFileCA,25 MB,35 MB,605 W. El Camino Real,Sunnyvale,California,94087-2916
10472,"Santa Cruz County, Superior Court of California",Santa Cruz,State,California,CA,Santa Cruz,1,0,1,12:00 PM,Next-Day,11:00 AM,Next-Day,All Non-Criminal,Mandatory,11:59 PM,11:45 PM,eFileCA,25 MB,35 MB,701 Ocean Street,Santa Cruz,California,95060-4086
10473,"Santa Cruz County, Superior Court of California",Santa Cruz-Watsonville,State,California,CA,Santa Cruz,1,0,1,12:00 PM,Next-Day,11:00 AM,Next-Day,All Non-Criminal,Mandatory,11:59 PM,11:45 PM,eFileCA,25 MB,35 MB,1 Second Street,Watsonville,California,95076
10474,"Shasta County, Superior Court of California",Burney,State,California,CA,Shasta,0,0,0,12:00 PM,Next-Day,12:00 AM,,,,,,,,,20509 Shasta Street,Burney,California,96013
10475,"Shasta County, Superior Court of California",Redding,State,California,CA,Shasta,1,1,0,12:00 PM,Next-Day,12:00 PM,Next-Day,,,,,,,,1500 Court Street,Redding,California,96001-1686
10476,"Shasta County, Superior Court of California",Shasta-Family Support,State,California,CA,Shasta,0,0,0,12:00 PM,Same-Day,12:00 AM,,,,,,,,,1431 Market Street,Redding,California,96001
10477,"Sierra County, Superior Court of California",Downieville,State,California,CA,Sierra,1,1,0,12:00 PM,Two-Day,5:00 PM,Two-Day,,,,,,,,"100 Courthouse Square, P.O. Box 476",Downieville,California,95936
10478,"Siskiyou County, Superior Court of California",Siskiyou-Dorris/Tuelake,State,California,CA,Siskiyou,0,0,1,12:00 PM,Same-Day,12:00 AM,,All Non-Criminal,Mandatory,11:59 PM,11:45 PM,eFileCA,25 MB,35 MB,324 N. Pine Street P.O. Box 828,Dorris,California,96023
10479,"Siskiyou County, Superior Court of California",Siskiyou-Weed,State,California,CA,Siskiyou,0,0,1,12:00 PM,Same-Day,12:00 AM,,All Non-Criminal,Mandatory,11:59 PM,11:45 PM,eFileCA,25 MB,35 MB,550 Main Street,Weed,California,96094
10480,"Siskiyou County, Superior Court of California",Yreka,State,California,CA,Siskiyou,1,1,1,12:00 PM,Two-Day,5:00 PM,Two-Day,All Non-Criminal,Mandatory,11:59 PM,11:45 PM,eFileCA,25 MB,35 MB,"311 4th Street, P.O. Box 1026",Yreka,California,96097-2998
10481,"Siskiyou County, Superior Court of California",Siskiyou-Family Law,State,California,CA,Siskiyou,0,0,1,12:00 PM,Same-Day,12:00 AM,,All Non-Criminal,Mandatory,11:59 PM,11:45 PM,eFileCA,25 MB,35 MB,510 Main Street,Yreka,California,96097
10482,"Solano County, Superior Court of California",Family Law-Probate,State,California,CA,Solano,1,1,1,12:00 PM,Next-Day,12:00 PM,Next-Day,All Non-Criminal,Mandatory,11:59 PM,11:45 PM,JTI,120 MB,120 MB,600 Union Ave,Fairfield,California,94533-6318
10483,"Solano County, Superior Court of California",Fairfield,State,California,CA,Solano,1,1,1,12:00 PM,Next-Day,12:00 PM,Next-Day,All Non-Criminal,Mandatory,11:59 PM,11:45 PM,JTI,120 MB,120 MB,580 Texas Street,Fairfield,California,94533-6318
10484,"Solano County, Superior Court of California",Vallejo,State,California,CA,Solano,0,0,1,12:00 PM,Same-Day,12:00 AM,,All Non-Criminal,Mandatory,11:59 PM,11:45 PM,JTI,120 MB,120 MB,321 Tuolumne Street,Vallejo,California,94590-5700
10485,"Sonoma County, Superior Court of California",Sonoma Criminal,State,California,CA,Sonoma,0,0,1,12:00 PM,Same-Day,5:00 PM,Next-Day,All Non-Criminal,Mandatory,11:59 PM,11:45 PM,eFileCA,25 MB,35 MB,600 Administration Dr.,Santa Rosa,California,95403
10486,"Sonoma County, Superior Court of California",Sonoma Civil,State,California,CA,Sonoma,1,1,1,12:00 PM,Next-Day,12:00 PM,Next-Day,All Non-Criminal,Mandatory,11:59 PM,11:45 PM,eFileCA,25 MB,35 MB,3055 Cleveland Ave.,Santa Rosa,California,95403-2818
10487,"Sonoma County, Superior Court of California",Sonoma Family Law,State,California,CA,Sonoma,1,1,1,12:00 PM,Next-Day,12:00 PM,Next-Day,All Non-Criminal,Mandatory,11:59 PM,11:45 PM,eFileCA,25 MB,35 MB,3055 Cleveland Avenue,Santa Rosa,California,95403-2122
10488,"Stanislaus County, Superior Court of California",Modesto,State,California,CA,Stanislaus,1,1,1,12:00 PM,Next-Day,12:00 PM,Next-Day,All Non-Criminal,Mandatory,11:59 PM,11:45 PM,eFileCA,25 MB,35 MB,"801 10th Street, 4th Floor",Modesto,California,95354
10489,"Stanislaus County, Superior Court of California",Modesto-Family,State,California,CA,Stanislaus,1,1,1,12:00 PM,Next-Day,12:00 PM,Next-Day,All Non-Criminal,Mandatory,11:59 PM,11:45 PM,eFileCA,25 MB,35 MB,"1100 I Street,  P.O. Box 1098",Modesto,California,95353
12445,"Stanislaus County, Superior Court of California",Turlock,State,California,CA,Stanislaus,1,1,1,12:00 PM,Next-Day,12:00 PM,Next-Day,All Non-Criminal,Mandatory,11:59 PM,11:45 PM,eFileCA,25 MB,35 MB,300 Starr Ave.,Turlock,California,95380
10490,"Sutter County, Superior Court of California",Courthouse East,State,California,CA,Sutter,1,1,1,12:00 PM,Next-Day,12:00 PM,Next-Day,All Non-Criminal,Mandatory,11:59 PM,11:45 PM,eFileCA,25 MB,35 MB,1175 Civic Center Blvd,Yuba City,California,95993
10491,"Tehama County, Superior Court of California",Tehama-Corning,State,California,CA,Tehama,0,0,1,12:00 PM,Same-Day,12:00 AM,,All Non-Criminal,Mandatory,11:59 PM,11:45 PM,eFileCA,25 MB,35 MB,720 Hoag Street,Corning,California,96021-2021
10492,"Tehama County, Superior Court of California",Red Bluff,State,California,CA,Tehama,1,0,1,12:00 PM,Next-Day,12:00 PM,Next-Day,All Non-Criminal,Mandatory,11:59 PM,11:45 PM,eFileCA,25 MB,35 MB,1740 Walnut St,Red Bluff,California,96080
10493,"Trinity County, Superior Court of California",Weaverville,State,California,CA,Trinity,1,1,0,12:00 PM,Two-Day,5:00 PM,Two-Day,,,,,,,,"11 Court Street,  P.O. Box 1258",Weaverville,California,96093-1258
10494,"Tulare County, Superior Court of California",Tulare-Dinuba,State,California,CA,Tulare,0,0,1,12:00 PM,Same-Day,12:00 AM,Next-Day,All Non-Criminal,Mandatory,11:59 PM,11:45 PM,JTI,120 MB,120 MB,920 South College Avenue,Dinuba,California,93618-2899
10495,"Tulare County, Superior Court of California",Tulare-Porterville,State,California,CA,Tulare,1,1,1,12:00 PM,Next-Day,12:00 PM,Next-Day,All Non-Criminal,Mandatory,11:59 PM,11:45 PM,JTI,120 MB,120 MB,300 East Olive ,Porterville,California,93257
10496,"Tulare County, Superior Court of California",Tulare-Tulare/Pixley,State,California,CA,Tulare,0,0,1,12:00 PM,Same-Day,5:00 PM,Next-Day,All Non-Criminal,Mandatory,11:59 PM,11:45 PM,JTI,120 MB,120 MB,425 E. Kern Avenue,Tulare,California,93274-4209
10497,"Tulare County, Superior Court of California",Tulare Visalia,State,California,CA,Tulare,1,1,1,12:00 PM,Next-Day,12:00 PM,Next-Day,All Non-Criminal,Mandatory,11:59 PM,11:45 PM,JTI,120 MB,120 MB,221 South Mooney Boulevard,Visalia,California,93291-1228
10498,"Tuolumne County, Superior Court of California",Tuolumne - Washington Street,State,California,CA,Tuolumne,0,0,1,12:00 PM,Same-Day,12:00 AM,,All Non-Criminal,Mandatory,11:59 PM,11:45 PM,eFileCA,25 MB,35 MB,60 Washington Street,Sonora,California,95370-4705
10499,"Tuolumne County, Superior Court of California",Tuolumne - Justice Center Drive,State,California,CA,Tuolumne,1,1,1,12:00 PM,Next-Day,12:00 PM,Next-Day,All Non-Criminal,Mandatory,11:59 PM,11:45 PM,eFileCA,25 MB,35 MB,12855 Justice Center Drive,Sonora,California,95370-4611
11463,"United States Bankruptcy Court, Central District of California",Central District of California - Bankruptcy - Los Angeles - Edward R. Roybal Federal Bldg,Federal,California,CA,,0,1,0,12:00 PM,Same-Day,12:00 PM,Next-Day,,,,,,,,255 E. Temple St,Los Angeles,California,90012-3300
11464,"United States Bankruptcy Court, Central District of California",Central District of California- Bankruptcy - Woodland Hills,Federal,California,CA,,0,1,0,12:00 PM,Same-Day,12:00 PM,Next-Day,,,,,,,,21041 Burbank Blvd,Woodland Hills,California,91367-6603
11465,"United States Bankruptcy Court, Central District of California",Central District of California - Bankruptcy - Santa Ana,Federal,California,CA,,0,1,0,12:00 PM,Same-Day,12:00 PM,Next-Day,,,,,,,,411 West Fourth St,Santa Ana,California,92701-4593
11466,"United States Bankruptcy Court, Central District of California",Central District of California - Bankruptcy - Riverside,Federal,California,CA,,0,1,0,12:00 PM,Same-Day,12:00 PM,Next-Day,,,,,,,,3420 Twelfth St.,Riverside,California,92501-3819
11467,"United States Bankruptcy Court, Central District of California",Central District of California - Bankruptcy - Santa Barbara,Federal,California,CA,,0,1,0,12:00 PM,Same-Day,12:00 PM,Next-Day,,,,,,,,1415 State Street,Santa Barbara,California,93101-2511
11499,"United States Bankruptcy Court, Eastern District of California",Eastern District of California - Bankruptcy - Fresno,Federal,California,CA,,0,1,0,12:00 PM,Same-Day,12:00 PM,Next-Day,,,,,,,,"2500 Tulare Street, Rm 2501",Fresno,California,93721
11500,"United States Bankruptcy Court, Eastern District of California",Eastern District of California - Bankruptcy - Sacramento,Federal,California,CA,,0,1,0,12:00 PM,Same-Day,12:00 PM,Next-Day,,,,,,,,"501 I Street, Suite 3-200",Sacramento,California,95814-2322
11501,"United States Bankruptcy Court, Eastern District of California",Eastern District of California - Bankruptcy - Modesto,Federal,California,CA,,0,0,0,12:00 PM,Same-Day,12:00 AM,Next-Day,,,,,,,,1130-12th St #C,Modesto,California,95354
11523,"United States Bankruptcy Court, Northern District of California",Northern District of California - Bankruptcy - Oakland,Federal,California,CA,,0,1,0,12:00 PM,Same-Day,12:00 PM,Next-Day,,,,,,,,1300 Clay Street #300,Oakland,California,94612
11524,"United States Bankruptcy Court, Northern District of California",Northern District of California - Bankruptcy - San Francisco,Federal,California,CA,,0,1,0,12:00 PM,Same-Day,12:00 PM,Next-Day,,,,,,,,450 Golden Gate Ave,San Francisco,California,94102
11525,"United States Bankruptcy Court, Northern District of California",Northern District of California - Bankruptcy - San Jose,Federal,California,CA,,0,1,0,12:00 PM,Same-Day,12:00 PM,Next-Day,,,,,,,,280 S. 1st St #3035,San Jose,California,95113-3099
11526,"United States Bankruptcy Court, Northern District of California",Northern District of California - Bankruptcy - Santa Rosa,Federal,California,CA,,0,1,0,12:00 PM,Same-Day,12:00 PM,Next-Day,,,,,,,,99 South E Street,Santa Rosa,California,95404-6524
11539,"United States Bankruptcy Court, Southern District of California",Southern District of California - Bankruptcy - San Diego,Federal,California,CA,,0,1,0,12:00 PM,Same-Day,12:00 PM,Next-Day,,,,,,,,325 W. F Street,San Diego,California,92101-6989
11596,"United States Court of Appeals, Ninth Circuit",Ninth Circuit Court of Appeals San Francisco,Federal,California,CA,,0,0,0,12:00 PM,Same-Day,12:00 AM,,,,,,,,,95 Seventh St.,San Francisco,California,94103
11617,"United States District Court, Central District of California",Central District of California - District - Los Angeles - 312 N. Spring St,Federal,California,CA,,0,0,0,12:00 PM,Same-Day,11:00 AM,Next-Day,,,,,,,,312 N. Spring St. #G-8,Los Angeles,California,90012
11618,"United States District Court, Central District of California",Central District of California - District - Los Angeles - Edward R. Roybal Federal Bldg,Federal,California,CA,,0,1,0,12:00 PM,Same-Day,12:00 PM,Next-Day,,,,,,,,255 E. Temple St,Los Angeles,California,90012
11619,"United States District Court, Central District of California",Central District of California - District - Santa Ana,Federal,California,CA,,0,1,0,12:00 PM,Same-Day,12:00 PM,Next-Day,,,,,,,,411 West Fourth St,Santa Ana,California,92701-4516
11620,"United States District Court, Central District of California",Central District of California - District - Riverside,Federal,California,CA,,0,1,0,12:00 PM,Same-Day,12:00 PM,Next-Day,,,,,,,,3470 12th Street,Riverside,California,92501-3801
12452,"United States District Court, Central District of California",Central District of California - District - Los Angeles - First Street,Federal,California,CA,Los Angeles,0,1,0,12:00 PM,Same-Day,12:00 PM,Next-Day,,,,,,,,350 W. First Street,Los Angeles,California,90012
11652,"United States District Court, Eastern District of California",Eastern District of California - District - Tahoe,Federal,California,CA,,0,0,0,12:00 PM,Same-Day,12:00 AM,,,,,,,,,P.O. Box 20000,South Lake Tahoe,California,96151
11653,"United States District Court, Eastern District of California",Eastern District of California - District - Fresno,Federal,California,CA,,0,1,0,12:00 PM,Same-Day,12:00 PM,Next-Day,,,,,,,,"2500 Tulare Street, Rm 5000 (Entrance is located o",Fresno,California,93721
11654,"United States District Court, Eastern District of California",Eastern District of California - District - Bakersfield,Federal,California,CA,,0,1,0,12:00 PM,Same-Day,12:00 PM,Next-Day,,,,,,,,"510 19th Street, Suite 200",Bakersfield,California,93301
11655,"United States District Court, Eastern District of California",Eastern District of California - District - Susanville,Federal,California,CA,,0,0,0,12:00 PM,Same-Day,12:00 AM,,,,,,,,,60 S. Lassen Street,Susanville,California,96130
11656,"United States District Court, Eastern District of California",Eastern District of California - District - Yosemite,Federal,California,CA,,0,0,0,12:00 PM,Same-Day,12:00 AM,,,,,,,,,P.O. Box 575,Yosemite National Park,California,95389
11657,"United States District Court, Eastern District of California",Eastern District of California - District - Sacramento,Federal,California,CA,,0,1,0,12:00 PM,Same-Day,12:00 PM,Next-Day,,,,,,,,501 I Street Suite 4-200,Sacramento,California,95814
11658,"United States District Court, Eastern District of California",Eastern District of California - District - Redding,Federal,California,CA,,0,0,0,12:00 PM,Same-Day,12:00 AM,,,,,,,,,2986 Bechelli Lane,Redding,California,96002
11680,"United States District Court, Northern District of California",Northern District of California - District - Oakland,Federal,California,CA,,0,1,0,12:00 PM,Same-Day,12:00 PM,Next-Day,,,,,,,,1301 Clay St. #400 South,Oakland,California,94612-5212
11681,"United States District Court, Northern District of California",Northern District of California - District - Eureka,Federal,California,CA,,0,0,0,12:00 PM,Same-Day,12:00 AM,,,,,,,,,518 W. Clark Street,Eureka,California,95501
11682,"United States District Court, Northern District of California",Northern District of California - District - Monterey,Federal,California,CA,,0,0,0,12:00 PM,Same-Day,12:00 AM,,,,,,,,,P.O. Box 1390,Monterey,California,93940
11683,"United States District Court, Northern District of California",Northern District of California - District - San Francisco,Federal,California,CA,,0,1,0,12:00 PM,Same-Day,12:00 PM,Next-Day,,,,,,,,450 Golden Gate Avenue,San Francisco,California,94102-3483
11684,"United States District Court, Northern District of California",Northern District of California - District - San Jose,Federal,California,CA,,0,1,0,12:00 PM,Same-Day,12:00 PM,Next-Day,,,,,,,,280 S. First St. #2112,San Jose,California,95113-3008
11697,"United States District Court, Southern District of California",Southern District of California - District - El Centro,Federal,California,CA,,0,1,0,12:00 PM,Same-Day,12:00 PM,Next-Day,,,,,,,,321 S. Waterman Ave,El Centro,California,92243
11698,"United States District Court, Southern District of California",Southern District of California - District - San Diego,Federal,California,CA,,0,1,0,12:00 PM,Same-Day,12:00 PM,Next-Day,,,,,,,,333 West Broadway,San Diego,California,92101-8900
14336,"Ventura County, Superior Court of California",Main,State,California,CA,Ventura,1,1,1,12:00 PM,Same-Day,12:00 PM,Same-Day,"Civil, Family, Probate",Mandatory,11:59 PM,11:45 PM,JTI,120 MB,120 MB,4353 E. Vineyard Avenue,Oxnard,CA,93036
10500,"Ventura County, Superior Court of California",East County,State,California,CA,Ventura,1,1,1,12:00 PM,Same-Day,5:00 PM,Next-Day,"Civil, Family, Probate",Mandatory,11:59 PM,11:45 PM,JTI,120 MB,120 MB,3855-F Alamo Street,Simi Valley,California,93063
10501,"Ventura County, Superior Court of California",Ventura,State,California,CA,Ventura,1,1,1,12:00 PM,Same-Day,12:00 PM,Same-Day,"Civil, Family, Probate",Mandatory,11:59 PM,11:45 PM,JTI,120 MB,120 MB,800 S. Victoria Avenue,Ventura,California,93009-0001
10502,"Yolo County, Superior Court of California",Yolo,State,California,CA,Yolo,1,0,1,12:00 PM,Next-Day,12:00 PM,Next-Day,All Non-Criminal,Mandatory,11:59 PM,11:45 PM,eFileCA,25 MB,35 MB,1000 Main Street,Woodland,California,95695-3551
10503,"Yuba County, Superior Court of California",Marysville,State,California,CA,Yuba,1,1,1,12:00 PM,Next-Day,12:00 PM,Next-Day,All Non-Criminal,Mandatory,11:59 PM,11:45 PM,eFileCA,25 MB,35 MB,215 Fifth Street,Marysville,California,95901-5794